吊顶/板材,铝塑板,http://www.china-10.com/webshop/list_2394.html,0
吊顶/板材,轻钢龙骨,http://www.china-10.com/webshop/list_2415.html,0
吊顶/板材,集成墙面,http://www.china-10.com/webshop/list_4797.html,0
吊顶/板材,饰面板-人造板,http://www.china-10.com/webshop/list_2956.html,0
吊顶/板材,密度板-纤维板,http://www.china-10.com/webshop/list_2955.html,0
吊顶/板材,碳化木-防腐木,http://www.china-10.com/webshop/list_2871.html,0
吊顶/板材,石膏板,http://www.china-10.com/webshop/list_1227.html,0
吊顶/板材,墙板-护墙板,http://www.china-10.com/webshop/list_2911.html,0
吊顶/板材,吸音板,http://www.china-10.com/webshop/list_3009.html,0
吊顶/板材,装饰纸,http://www.china-10.com/webshop/list_2256.html,0
吊顶/板材,建筑模板,http://www.china-10.com/webshop/list_4783.html,0
吊顶/板材,工艺艺术玻璃,http://www.china-10.com/webshop/list_2378.html,0
吊顶/板材,阳光板,http://www.china-10.com/webshop/list_4927.html,0
照明/灯饰,LED显示屏,http://www.china-10.com/webshop/list_1864.html,0
涂料/墙饰/壁纸,液体壁纸-艺术涂料,http://www.china-10.com/webshop/list_1219.html,0
涂料/墙饰/壁纸,防腐涂料,http://www.china-10.com/webshop/list_2964.html,0
涂料/墙饰/壁纸,工业油漆,http://www.china-10.com/webshop/list_1832.html,0
涂料/墙饰/壁纸,防火涂料,http://www.china-10.com/webshop/list_1172.html,0
涂料/墙饰/壁纸,真石漆,http://www.china-10.com/webshop/list_4663.html,0
涂料/墙饰/壁纸,粉末涂料,http://www.china-10.com/webshop/list_4503.html,0
涂料/墙饰/壁纸,喷漆,http://www.china-10.com/webshop/list_4858.html,0
涂料/墙饰/壁纸,软包,http://www.china-10.com/webshop/list_2218.html,0
涂料/墙饰/壁纸,建筑幕墙,http://www.china-10.com/webshop/list_2414.html,0
涂料/墙饰/壁纸,集成墙面,http://www.china-10.com/webshop/list_4797.html,0
涂料/墙饰/壁纸,白乳胶,http://www.china-10.com/webshop/list_2386.html,0
涂料/墙饰/壁纸,保温材料,http://www.china-10.com/webshop/list_4928.html,0
地板/瓷砖,竹地板,http://www.china-10.com/webshop/list_1178.html,0
地板/瓷砖,防静电地板,http://www.china-10.com/webshop/list_1173.html,0
地板/瓷砖,软木地板,http://www.china-10.com/webshop/list_1181.html,0
地板/瓷砖,木塑地板,http://www.china-10.com/webshop/list_2425.html,0
地板/瓷砖,马赛克,http://www.china-10.com/webshop/list_2296.html,0
地板/瓷砖,陶瓷薄板,http://www.china-10.com/webshop/list_4502.html,0
地板/瓷砖,石英石,http://www.china-10.com/webshop/list_2269.html,0
地板/瓷砖,风水/福运,http://www.china-10.com/webshop/list_2460.html,0
电工/工具/五金,油锯,http://www.china-10.com/webshop/list_2935.html,0
电工/工具/五金,气动工具,http://www.china-10.com/webshop/list_2440.html,0
电工/工具/五金,液压工具,http://www.china-10.com/webshop/list_2441.html,0
电工/工具/五金,金刚石工具,http://www.china-10.com/webshop/list_2339.html,0
电工/工具/五金,数控刀具,http://www.china-10.com/webshop/list_2224.html,0
电工/工具/五金,热熔器,http://www.china-10.com/webshop/list_2948.html,0
电工/工具/五金,喷枪,http://www.china-10.com/webshop/list_4954.html,0
门/锁/窗/楼梯,铜门/铁艺门,http://www.china-10.com/webshop/list_1133.html,0
门/锁/窗/楼梯,隔断,http://www.china-10.com/webshop/list_4501.html,0
门/锁/窗/楼梯,不锈钢门窗,http://www.china-10.com/webshop/list_4752.html,0
门/锁/窗/楼梯,塑钢门窗,http://www.china-10.com/webshop/list_1126.html,0
门/锁/窗/楼梯,卷帘门窗,http://www.china-10.com/webshop/list_1132.html,0
门/锁/窗/楼梯,电梯,http://www.china-10.com/webshop/list_1111.html,0
门/锁/窗/楼梯,楼梯,http://www.china-10.com/webshop/list_1114.html,0
门/锁/窗/楼梯,防盗网纱窗,http://www.china-10.com/webshop/list_4823.html,0
门/锁/窗/楼梯,隔音隔热,http://www.china-10.com/webshop/list_1125.html,0
门/锁/窗/楼梯,对讲系统可视门铃,http://www.china-10.com/webshop/list_407.html,0
门/锁/窗/楼梯,木塑门,http://www.china-10.com/webshop/list_4942.html,0
卫浴洁具浴室,卫生间,http://www.china-10.com/webshop/list_2492.html,0
建筑材料/消防,钢材-钢板,http://www.china-10.com/webshop/list_1033.html,0
建筑材料/消防,铝材/铝合金,http://www.china-10.com/webshop/list_1032.html,0
建筑材料/消防,石材石料,http://www.china-10.com/webshop/list_1037.html,0
建筑材料/消防,建筑不锈钢,http://www.china-10.com/webshop/list_2171.html,0
建筑材料/消防,镀锌板-镀锌管,http://www.china-10.com/webshop/list_3004.html,0
建筑材料/消防,大理石,http://www.china-10.com/webshop/list_2299.html,0
建筑材料/消防,石英石,http://www.china-10.com/webshop/list_2269.html,0
建筑材料/消防,腻子粉/原子灰,http://www.china-10.com/webshop/list_2263.html,0
建筑材料/消防,白乳胶,http://www.china-10.com/webshop/list_2386.html,0
建筑材料/消防,工艺艺术玻璃,http://www.china-10.com/webshop/list_2378.html,0
建筑材料/消防,消防,http://www.china-10.com/webshop/list_1093.html,0
建筑材料/消防,灭火器,http://www.china-10.com/webshop/list_2285.html,0
建筑材料/消防,地暖电热供暖,http://www.china-10.com/webshop/list_2217.html,0
建筑材料/消防,钢管-金属管,http://www.china-10.com/webshop/list_1097.html,0
建筑材料/消防,石材养护-石材胶,http://www.china-10.com/webshop/list_4862.html,0
厨柜/衣柜定制,卧室,http://www.china-10.com/webshop/list_2478.html,0
管道电线电缆布线,钢管-金属管,http://www.china-10.com/webshop/list_1097.html,0
管道电线电缆布线,桥架,http://www.china-10.com/webshop/list_4784.html,0
管道电线电缆布线,地暖电热供暖,http://www.china-10.com/webshop/list_2217.html,0
管道电线电缆布线,水表,http://www.china-10.com/webshop/list_1091.html,0
管道电线电缆布线,电表,http://www.china-10.com/webshop/list_1092.html,0
吊顶/板材,防火板-阻燃板,http://www.china-10.com/webshop/list_1229.html,0
吊顶/板材,石膏线,http://www.china-10.com/webshop/list_2297.html,0
地板/瓷砖,橡胶地板,http://www.china-10.com/webshop/list_1177.html,0
建筑材料/消防,石膏线,http://www.china-10.com/webshop/list_2297.html,0
厨柜/衣柜定制,衣帽间,http://www.china-10.com/webshop/list_2497.html,0
管道电线电缆布线,光纤光缆,http://www.china-10.com/webshop/list_4495.html,0
电工/工具/五金,水准仪,http://www.china-10.com/webshop/list_4793.html,0
涂料/墙饰/壁纸,地坪漆,http://www.china-10.com/webshop/list_4494.html,0
地板/瓷砖,劈开砖,http://www.china-10.com/webshop/list_4498.html,0
吊顶/板材,刨花板,http://www.china-10.com/webshop/list_2954.html,0
地板/瓷砖,塑胶地板,http://www.china-10.com/webshop/list_1175.html,0
电工/工具/五金,焊锡丝,http://www.china-10.com/webshop/list_4845.html,0
建筑材料/消防,水泥,http://www.china-10.com/webshop/list_1048.html,0
管道电线电缆布线,水暖管-地暖管,http://www.china-10.com/webshop/list_2216.html,0
吊顶/板材,卫生间,http://www.china-10.com/webshop/list_2492.html,0
涂料/墙饰/壁纸,汽车油漆,http://www.china-10.com/webshop/list_1157.html,0
电工/工具/五金,千斤顶,http://www.china-10.com/webshop/list_2429.html,0
建筑材料/消防,玻璃,http://www.china-10.com/webshop/list_1036.html,0
建筑材料/消防,界面剂,http://www.china-10.com/webshop/list_4785.html,0
建筑材料/消防,金刚石,http://www.china-10.com/webshop/list_2338.html,0
地板/瓷砖,地热地板,http://www.china-10.com/webshop/list_1185.html,3
地板/瓷砖,实木地板,http://www.china-10.com/webshop/list_1176.html,5
门/锁/窗/楼梯,防盗门-安全门,http://www.china-10.com/webshop/list_1122.html,3
厨柜/衣柜定制,厨柜/整体厨房,http://www.china-10.com/webshop/list_910.html,5
卫浴洁具浴室,感应洁具,http://www.china-10.com/webshop/list_1829.html,2
吊顶/板材,细木工板-大芯板,http://www.china-10.com/webshop/list_1215.html,2
吊顶/板材,集成材-实木指接板,http://www.china-10.com/webshop/list_4782.html,2
吊顶/板材,壁纸/墙饰/墙漆,http://www.china-10.com/webshop/list_57.html,13
照明/灯饰,LED灯-节能灯,http://www.china-10.com/webshop/list_962.html,12
照明/灯饰,吸顶灯,http://www.china-10.com/webshop/list_2271.html,11
地板/瓷砖,强化复合地板,http://www.china-10.com/webshop/list_1184.html,5
地板/瓷砖,通体砖,http://www.china-10.com/webshop/list_2997.html,3
地板/瓷砖,亚光砖,http://www.china-10.com/webshop/list_4499.html,3
地板/瓷砖,装修/空间改造,http://www.china-10.com/webshop/list_2507.html,46
门/锁/窗/楼梯,门吸-门配件,http://www.china-10.com/webshop/list_2402.html,4
门/锁/窗/楼梯,门禁系统,http://www.china-10.com/webshop/list_406.html,2
卫浴洁具浴室,面盆-台盆,http://www.china-10.com/webshop/list_1196.html,5
卫浴洁具浴室,干手器,http://www.china-10.com/webshop/list_163.html,2
卫浴洁具浴室,地漏,http://www.china-10.com/webshop/list_1213.html,8
管道电线电缆布线,三通,http://www.china-10.com/webshop/list_1050.html,3
建筑材料/消防,应急灯,http://www.china-10.com/webshop/list_967.html,2
地板/瓷砖,瓷砖/地板砖,http://www.china-10.com/webshop/list_1137.html,5
电工/工具/五金,低压电器,http://www.china-10.com/webshop/list_2233.html,2
门/锁/窗/楼梯,原木门-实木门,http://www.china-10.com/webshop/list_1101.html,3
卫浴洁具浴室,马桶-坐便器,http://www.china-10.com/webshop/list_1194.html,12
卫浴洁具浴室,浴缸,http://www.china-10.com/webshop/list_1191.html,6
卫浴洁具浴室,浴室柜-台盆柜,http://www.china-10.com/webshop/list_1192.html,10
卫浴洁具浴室,镜子,http://www.china-10.com/webshop/list_4888.html,2
建筑材料/消防,胶水,http://www.china-10.com/webshop/list_2288.html,2
管道电线电缆布线,网线/USB线,http://www.china-10.com/webshop/list_353.html,3
吊顶/板材,集成吊顶,http://www.china-10.com/webshop/list_1242.html,4
吊顶/板材,铝扣板,http://www.china-10.com/webshop/list_1883.html,2
吊顶/板材,装饰板-板材,http://www.china-10.com/webshop/list_1228.html,2
吊顶/板材,生态板-免漆板,http://www.china-10.com/webshop/list_2914.html,2
吊顶/板材,多层板-胶合板,http://www.china-10.com/webshop/list_1226.html,2
吊顶/板材,浴霸-风暖,http://www.china-10.com/webshop/list_190.html,8
吊顶/板材,排气扇,http://www.china-10.com/webshop/list_197.html,6
吊顶/板材,厨房风水,http://www.china-10.com/webshop/list_2577.html,9
吊顶/板材,厨房,http://www.china-10.com/webshop/list_2992.html,8
照明/灯饰,照明灯具,http://www.china-10.com/webshop/list_965.html,15
照明/灯饰,筒灯/射灯,http://www.china-10.com/webshop/list_2397.html,8
照明/灯饰,水晶灯/吊灯,http://www.china-10.com/webshop/list_2961.html,4
照明/灯饰,灯饰/复古灯,http://www.china-10.com/webshop/list_966.html,4
照明/灯饰,吊扇灯,http://www.china-10.com/webshop/list_2316.html,3
照明/灯饰,光源-灯泡,http://www.china-10.com/webshop/list_961.html,9
照明/灯饰,落地灯,http://www.china-10.com/webshop/list_2244.html,2
照明/灯饰,壁灯-镜前灯,http://www.china-10.com/webshop/list_3008.html,3
照明/灯饰,台灯/护眼灯,http://www.china-10.com/webshop/list_964.html,7
照明/灯饰,应急灯,http://www.china-10.com/webshop/list_967.html,2
照明/灯饰,灯管-日光灯,http://www.china-10.com/webshop/list_3007.html,4
照明/灯饰,庭院灯/户外灯,http://www.china-10.com/webshop/list_4667.html,4
涂料/墙饰/壁纸,油漆涂料,http://www.china-10.com/webshop/list_1169.html,5
涂料/墙饰/壁纸,乳胶漆-墙漆,http://www.china-10.com/webshop/list_1153.html,4
涂料/墙饰/壁纸,水性漆-环保漆,http://www.china-10.com/webshop/list_1154.html,4
涂料/墙饰/壁纸,木器漆-家具漆,http://www.china-10.com/webshop/list_1155.html,4
涂料/墙饰/壁纸,硅藻泥,http://www.china-10.com/webshop/list_2236.html,2
涂料/墙饰/壁纸,背景墙,http://www.china-10.com/webshop/list_2286.html,4
涂料/墙饰/壁纸,墙布-壁布,http://www.china-10.com/webshop/list_3014.html,2
涂料/墙饰/壁纸,地板漆,http://www.china-10.com/webshop/list_1156.html,2
涂料/墙饰/壁纸,建筑涂料,http://www.china-10.com/webshop/list_1168.html,3
涂料/墙饰/壁纸,防水材料,http://www.china-10.com/webshop/list_2395.html,2
涂料/墙饰/壁纸,墙砖瓷片,http://www.china-10.com/webshop/list_1142.html,4
地板/瓷砖,多层木地板,http://www.china-10.com/webshop/list_1180.html,4
地板/瓷砖,墙砖瓷片,http://www.china-10.com/webshop/list_1142.html,4
地板/瓷砖,仿古砖,http://www.china-10.com/webshop/list_1138.html,5
地板/瓷砖,木纹砖,http://www.china-10.com/webshop/list_2970.html,4
地板/瓷砖,大理石瓷砖,http://www.china-10.com/webshop/list_2971.html,3
地板/瓷砖,玻化砖,http://www.china-10.com/webshop/list_2995.html,4
地板/瓷砖,釉面砖,http://www.china-10.com/webshop/list_2969.html,5
地板/瓷砖,微晶石,http://www.china-10.com/webshop/list_2968.html,4
地板/瓷砖,美缝剂,http://www.china-10.com/webshop/list_2270.html,2
地板/瓷砖,瓷砖胶/粘合剂,http://www.china-10.com/webshop/list_2158.html,2
地板/瓷砖,地板漆,http://www.china-10.com/webshop/list_1156.html,2
地板/瓷砖,房产家居,http://www.china-10.com/webshop/list_61.html,9
地板/瓷砖,户型/房屋类型,http://www.china-10.com/webshop/list_2509.html,69
地板/瓷砖,风格/款式,http://www.china-10.com/webshop/list_2508.html,10
电工/工具/五金,开关插座,http://www.china-10.com/webshop/list_1075.html,14
电工/工具/五金,排插-插座,http://www.china-10.com/webshop/list_2279.html,11
电工/工具/五金,电动工具,http://www.china-10.com/webshop/list_1872.html,5
电工/工具/五金,水平仪,http://www.china-10.com/webshop/list_2924.html,2
电工/工具/五金,电锤电钻,http://www.china-10.com/webshop/list_1082.html,5
电工/工具/五金,扳手,http://www.china-10.com/webshop/list_1083.html,4
电工/工具/五金,钻头,http://www.china-10.com/webshop/list_1534.html,2
电工/工具/五金,麻花钻,http://www.china-10.com/webshop/list_1536.html,2
电工/工具/五金,手动工具,http://www.china-10.com/webshop/list_2349.html,5
电工/工具/五金,空气开关/断路器,http://www.china-10.com/webshop/list_2231.html,6
电工/工具/五金,工具箱,http://www.china-10.com/webshop/list_2369.html,3
电工/工具/五金,电烙铁,http://www.china-10.com/webshop/list_2421.html,2
电工/工具/五金,继电器,http://www.china-10.com/webshop/list_2235.html,2
电工/工具/五金,电工,http://www.china-10.com/webshop/list_1094.html,7
电工/工具/五金,开关电源,http://www.china-10.com/webshop/list_3017.html,5
电工/工具/五金,配电箱,http://www.china-10.com/webshop/list_4841.html,3
电工/工具/五金,五金挂件/太空铝,http://www.china-10.com/webshop/list_1211.html,15
电工/工具/五金,电线电缆,http://www.china-10.com/webshop/list_1073.html,7
电工/工具/五金,锁具/门锁,http://www.china-10.com/webshop/list_1042.html,9
电工/工具/五金,电气,http://www.china-10.com/webshop/list_1090.html,2
电工/工具/五金,建工/机械设备,http://www.china-10.com/webshop/list_75.html,6
电工/工具/五金,日用五金制品,http://www.china-10.com/webshop/list_2926.html,7
电工/工具/五金,机电仪器仪表,http://www.china-10.com/webshop/list_3055.html,4
门/锁/窗/楼梯,钢木门,http://www.china-10.com/webshop/list_1110.html,2
门/锁/窗/楼梯,木门-复合套装门,http://www.china-10.com/webshop/list_1112.html,4
门/锁/窗/楼梯,防火门,http://www.china-10.com/webshop/list_1115.html,2
门/锁/窗/楼梯,推拉门-移门,http://www.china-10.com/webshop/list_1117.html,3
门/锁/窗/楼梯,铝合金门窗,http://www.china-10.com/webshop/list_1136.html,2
门/锁/窗/楼梯,厨卫门/玻璃门,http://www.china-10.com/webshop/list_4751.html,2
门/锁/窗/楼梯,静音门/卧室门,http://www.china-10.com/webshop/list_1108.html,3
门/锁/窗/楼梯,定制门-室内门,http://www.china-10.com/webshop/list_1104.html,4
门/锁/窗/楼梯,生态门-健康门,http://www.china-10.com/webshop/list_1118.html,2
门/锁/窗/楼梯,免漆门,http://www.china-10.com/webshop/list_1107.html,2
门/锁/窗/楼梯,时尚门,http://www.china-10.com/webshop/list_1105.html,2
门/锁/窗/楼梯,装甲门,http://www.china-10.com/webshop/list_1135.html,2
门/锁/窗/楼梯,锁具/门锁,http://www.china-10.com/webshop/list_1042.html,9
门/锁/窗/楼梯,指纹锁-智能锁,http://www.china-10.com/webshop/list_1100.html,8
门/锁/窗/楼梯,密码锁-电子锁,http://www.china-10.com/webshop/list_3000.html,4
门/锁/窗/楼梯,自动门,http://www.china-10.com/webshop/list_1099.html,2
门/锁/窗/楼梯,防盗门锁芯,http://www.china-10.com/webshop/list_2219.html,4
门/锁/窗/楼梯,家用梯,http://www.china-10.com/webshop/list_1134.html,3
门/锁/窗/楼梯,防盗窗-防盗网,http://www.china-10.com/webshop/list_1127.html,2
门/锁/窗/楼梯,百叶帘卷帘,http://www.china-10.com/webshop/list_1124.html,2
门/锁/窗/楼梯,铰链-合页-滑轨,http://www.china-10.com/webshop/list_2259.html,5
门/锁/窗/楼梯,闭门器-地弹簧,http://www.china-10.com/webshop/list_2443.html,2
门/锁/窗/楼梯,衣柜门,http://www.china-10.com/webshop/list_2999.html,5
卫浴洁具浴室,卫浴洁具,http://www.china-10.com/webshop/list_1210.html,20
卫浴洁具浴室,花洒,http://www.china-10.com/webshop/list_1188.html,20
卫浴洁具浴室,水龙头,http://www.china-10.com/webshop/list_1070.html,22
卫浴洁具浴室,智能座便器,http://www.china-10.com/webshop/list_1197.html,6
卫浴洁具浴室,洁身器/马桶盖,http://www.china-10.com/webshop/list_1195.html,7
卫浴洁具浴室,按摩浴缸,http://www.china-10.com/webshop/list_1202.html,3
卫浴洁具浴室,五金挂件/太空铝,http://www.china-10.com/webshop/list_1211.html,15
卫浴洁具浴室,淋浴房,http://www.china-10.com/webshop/list_1189.html,4
卫浴洁具浴室,蒸汽房,http://www.china-10.com/webshop/list_1214.html,2
卫浴洁具浴室,沐浴桶,http://www.china-10.com/webshop/list_1200.html,2
卫浴洁具浴室,蹲便器,http://www.china-10.com/webshop/list_3006.html,3
卫浴洁具浴室,小便斗,http://www.china-10.com/webshop/list_4537.html,2
卫浴洁具浴室,角阀,http://www.china-10.com/webshop/list_2290.html,7
卫浴洁具浴室,日用五金制品,http://www.china-10.com/webshop/list_2926.html,7
卫浴洁具浴室,水槽,http://www.china-10.com/webshop/list_1198.html,11
卫浴洁具浴室,电热水器,http://www.china-10.com/webshop/list_188.html,15
卫浴洁具浴室,燃气热水器,http://www.china-10.com/webshop/list_189.html,12
卫浴洁具浴室,排气扇,http://www.china-10.com/webshop/list_197.html,6
卫浴洁具浴室,建材连锁,http://www.china-10.com/webshop/list_1085.html,2
卫浴洁具浴室,卫生间风水,http://www.china-10.com/webshop/list_2576.html,6
建筑材料/消防,玻璃胶,http://www.china-10.com/webshop/list_2241.html,2
建筑材料/消防,管道-水管,http://www.china-10.com/webshop/list_1034.html,2
建筑材料/消防,软管,http://www.china-10.com/webshop/list_2283.html,3
建筑材料/消防,吊顶/板材,http://www.china-10.com/webshop/list_62.html,6
建筑材料/消防,活性炭,http://www.china-10.com/webshop/list_2245.html,3
厨柜/衣柜定制,整体衣柜,http://www.china-10.com/webshop/list_1239.html,6
厨柜/衣柜定制,全屋定制,http://www.china-10.com/webshop/list_2999.html,5
厨柜/衣柜定制,布衣柜,http://www.china-10.com/webshop/list_2960.html,4
厨柜/衣柜定制,推拉门-移门,http://www.china-10.com/webshop/list_1117.html,3
厨柜/衣柜定制,房产家居,http://www.china-10.com/webshop/list_61.html,9
厨柜/衣柜定制,装修/空间改造,http://www.china-10.com/webshop/list_2507.html,46
厨柜/衣柜定制,卧室风水,http://www.china-10.com/webshop/list_2575.html,10
厨柜/衣柜定制,厨房,http://www.china-10.com/webshop/list_2992.html,8
管道电线电缆布线,管道-水管,http://www.china-10.com/webshop/list_1034.html,2
管道电线电缆布线,电线电缆,http://www.china-10.com/webshop/list_1073.html,7
管道电线电缆布线,线材-装修线,http://www.china-10.com/webshop/list_3398.html,2
管道电线电缆布线,新风系统/吸尘系统,http://www.china-10.com/webshop/list_2937.html,3
管道电线电缆布线,软管,http://www.china-10.com/webshop/list_2283.html,3
管道电线电缆布线,电气,http://www.china-10.com/webshop/list_1090.html,2
管道电线电缆布线,转接线/数据线,http://www.china-10.com/webshop/list_2226.html,8
管道电线电缆布线,冷暖系统/中央空调,http://www.china-10.com/webshop/list_134.html,2
地板/瓷砖,地板,http://www.china-10.com/webshop/list_1187.html,6
建筑材料/消防,美缝剂,http://www.china-10.com/webshop/list_2270.html,2
照明/灯饰,灯带-灯条,http://www.china-10.com/webshop/list_2295.html,4
涂料/墙饰/壁纸,防水涂料,http://www.china-10.com/webshop/list_1164.html,3
涂料/墙饰/壁纸,壁纸墙纸,http://www.china-10.com/webshop/list_1224.html,3
地板/瓷砖,抛光砖,http://www.china-10.com/webshop/list_1141.html,4
电工/工具/五金,电动螺丝刀,http://www.china-10.com/webshop/list_1812.html,3
电工/工具/五金,装饰五金,http://www.china-10.com/webshop/list_1040.html,5
门/锁/窗/楼梯,功能空间,http://www.china-10.com/webshop/list_2453.html,15
卫浴洁具浴室,浴霸-风暖,http://www.china-10.com/webshop/list_190.html,8
建筑材料/消防,瓷砖胶/粘合剂,http://www.china-10.com/webshop/list_2158.html,2
厨柜/衣柜定制,厨房风水,http://www.china-10.com/webshop/list_2577.html,9