热水器,电热水器,1,http://image3.cnpp.cn/upload/images/20170420/15043898879_207x90.gif_138_60.jpg,【海尔Haier】
热水器,电热水器,2,http://image4.cnpp.cn/upload/images/20170420/15044877986_207x90.gif_138_60.jpg,【A.O.史密斯】
热水器,电热水器,3,http://image3.cnpp.cn/upload/images/20170420/15043840814_207x90.gif_138_60.jpg,【美的Midea】
热水器,电热水器,4,http://image2.cnpp.cn/upload/images/20170420/15044990614_207x90.gif_138_60.jpg,【ARISTON阿里斯顿】
热水器,电热水器,5,http://image.cnpp.cn/upload/images/20170420/15044948845_207x90.gif_138_60.jpg,【万和Vanward】
热水器,电热水器,6,http://image2.cnpp.cn/upload/images/20170420/21063823836_207x90.gif_138_60.jpg,【万家乐】
热水器,电热水器,7,http://image3.cnpp.cn/upload/images/20170420/15104749532_207x90.gif_138_60.jpg,【SIEMENS西门子家电】
热水器,电热水器,8,http://image4.cnpp.cn/upload/images/20150908/11460961949_207x90.gif_138_60.jpg,【樱花Sakura】
热水器,电热水器,9,http://image.cnpp.cn/upload/images/20170420/15043846421_207x90.gif_138_60.jpg,【帅康sacon】
热水器,电热水器,10,http://image3.cnpp.cn/upload/images/20170602/17271027143_207x90.gif_138_60.jpg,【奥特朗Otlan】
热水器,电热水器,11,http://image2.cnpp.cn/upload/images/20170420/15044923133_207x90.gif_138_60.jpg,【华帝Vatti】
热水器,电热水器,12,http://imagemg.cnpp.cn/upload/images/20160302/09010187080_207x90.gif_138_60.jpg,【扬子电热水器】
热水器,电热水器,13,http://image2.cnpp.cn/upload/images/20170420/21224998467_207x90.gif_138_60.jpg,【统帅Leader】
热水器,电热水器,14,http://image4.cnpp.cn/upload/images/20150119/10260176755_138x60.gif_138_60.jpg,【威博Weber】
热水器,电热水器,15,http://image2.cnpp.cn/upload/images/20170420/15044946157_207x90.gif_138_60.jpg,【Ferroli法罗力】
热水器,电热水器,16,http://image3.cnpp.cn/upload/images/20170420/15044217441_207x90.gif_138_60.jpg,【Electrolux伊莱克斯】
热水器,电热水器,17,http://image2.cnpp.cn/upload/images/20170420/17261761839_207x90.gif_138_60.jpg,【奥帅aoshuai】
热水器,电热水器,18,http://image4.cnpp.cn/upload/images/20170420/20570069807_207x90.gif_138_60.jpg,【康泉KANCH】
热水器,电热水器,19,http://image2.cnpp.cn/upload/images/20150115/18030062390_138x60.gif_138_60.jpg,【本科BENCO】
热水器,电热水器,20,http://image3.cnpp.cn/upload/images/20170420/15045160407_207x90.gif_138_60.jpg,【Whirlpool惠而浦】
热水器,燃气热水器,1,http://image.cnpp.cn/upload/images/20170420/15044948845_207x90.gif_138_60.jpg,【万和Vanward】
热水器,燃气热水器,2,http://image2.cnpp.cn/upload/images/20170420/21063823836_207x90.gif_138_60.jpg,【万家乐】
热水器,燃气热水器,3,http://image3.cnpp.cn/upload/images/20170420/15043898879_207x90.gif_138_60.jpg,【海尔Haier】
热水器,燃气热水器,4,http://image4.cnpp.cn/upload/images/20170420/15044877986_207x90.gif_138_60.jpg,【A.O.史密斯】
热水器,燃气热水器,5,http://image.cnpp.cn/upload/images/20170420/15044969943_207x90.gif_138_60.jpg,【Rinnai林内】
热水器,燃气热水器,6,http://image3.cnpp.cn/upload/images/20170420/15043840814_207x90.gif_138_60.jpg,【美的Midea】
热水器,燃气热水器,7,http://image3.cnpp.cn/upload/images/20170420/15044946348_207x90.gif_138_60.jpg,【NORITZ能率】
热水器,燃气热水器,8,http://image4.cnpp.cn/upload/images/20150908/11460961949_207x90.gif_138_60.jpg,【樱花Sakura】
热水器,燃气热水器,9,http://image2.cnpp.cn/upload/images/20170420/15044923133_207x90.gif_138_60.jpg,【华帝Vatti】
热水器,燃气热水器,10,http://image3.cnpp.cn/upload/images/20170420/20571163965_207x90.gif_138_60.jpg,【方太Fotile】
热水器,燃气热水器,11,http://image2.cnpp.cn/upload/images/20170420/15044990614_207x90.gif_138_60.jpg,【ARISTON阿里斯顿】
热水器,燃气热水器,12,http://image4.cnpp.cn/upload/images/20170420/20570123989_207x90.gif_138_60.jpg,【樱雪INSE】
热水器,燃气热水器,13,http://image.cnpp.cn/upload/images/20170420/15043846421_207x90.gif_138_60.jpg,【帅康sacon】
热水器,燃气热水器,14,http://image2.cnpp.cn/upload/images/20170420/20565916750_207x90.gif_138_60.jpg,【前锋CHIFFO】
热水器,燃气热水器,15,http://image.cnpp.cn/upload/images/20170420/20570057989_207x90.gif_138_60.jpg,【创尔特Chant】
热水器,燃气热水器,16,http://image4.cnpp.cn/upload/images/20160923/17583394455_207x90.gif_138_60.jpg,【BOSCH博世热力】
热水器,燃气热水器,17,http://image.cnpp.cn/upload/images/20170420/15043979061_207x90.gif_138_60.jpg,【康宝Canbo】
热水器,燃气热水器,18,http://image2.cnpp.cn/upload/images/20160606/18010445790_207x90.gif_138_60.jpg,【神州厨电】
热水器,燃气热水器,19,http://image4.cnpp.cn/upload/images/20170420/15044919586_207x90.gif_138_60.jpg,【Paloma百乐满】
热水器,燃气热水器,20,http://image3.cnpp.cn/upload/images/20150801/17043325140_207x90.gif_138_60.jpg,【联创LIAN】
热水器,空气能热水器,11,http://image2.cnpp.cn/upload/images/20170420/15044854087_207x90.gif_138_60.jpg,【四季沐歌】
热水器,空气能热水器,12,http://image.cnpp.cn/upload/images/20150504/15395612196_207x90.gif_138_60.jpg,【帝康DEAKON】
热水器,空气能热水器,13,http://image2.cnpp.cn/upload/images/20170420/15044990614_207x90.gif_138_60.jpg,【ARISTON阿里斯顿】
热水器,空气能热水器,14,http://image2.cnpp.cn/upload/images/20150116/09243475033_138x60.gif_138_60.jpg,【AMA生能】
热水器,空气能热水器,15,http://image4.cnpp.cn/upload/images/20170420/20565730938_207x90.gif_138_60.jpg,【长菱CHEERY】
热水器,空气能热水器,16,http://image4.cnpp.cn/upload/images/20150106/22030425989_138x60.gif_138_60.jpg,【锦江百浪】
热水器,空气能热水器,17,http://image.cnpp.cn/upload/images/20160526/17555541073_207x90.gif_138_60.jpg,【天舒Tenesun】
热水器,空气能热水器,18,http://image4.cnpp.cn/upload/images/20150821/09292171037_207x90.gif_138_60.jpg,【德能Deron】
热水器,空气能热水器,19,http://image.cnpp.cn/upload/images/20170420/15044948845_207x90.gif_138_60.jpg,【万和Vanward】
热水器,空气能热水器,20,http://image4.cnpp.cn/upload/images/20160115/17425640800_207x90.gif_138_60.jpg,【TCL】
热水器,太阳能热水器,1,http://image4.cnpp.cn/upload/images/20160602/18003051980_207x90.gif_138_60.jpg,【皇明Hi-min】
热水器,太阳能热水器,2,http://image2.cnpp.cn/upload/images/20170420/15044854087_207x90.gif_138_60.jpg,【四季沐歌】
热水器,太阳能热水器,3,http://image.cnpp.cn/upload/images/20170420/15044897512_207x90.gif_138_60.jpg,【太阳雨Sunrain】
热水器,太阳能热水器,4,http://image3.cnpp.cn/upload/images/20170420/15044812632_207x90.gif_138_60.jpg,【力诺瑞特】
热水器,太阳能热水器,5,http://image3.cnpp.cn/upload/images/20170420/15043898879_207x90.gif_138_60.jpg,【海尔Haier】
热水器,太阳能热水器,6,http://image.cnpp.cn/upload/images/20160526/17555556045_207x90.gif_138_60.jpg,【清华阳光】
热水器,太阳能热水器,7,http://image4.cnpp.cn/upload/images/20160526/17555588430_207x90.gif_138_60.jpg,【桑乐】
热水器,太阳能热水器,8,http://image3.cnpp.cn/upload/images/20160817/18084056858_207x90.gif_138_60.jpg,【华扬HUAYANG】
热水器,太阳能热水器,9,http://image4.cnpp.cn/upload/images/20160526/17555578391_207x90.gif_138_60.jpg,【天普TIANPU】
热水器,太阳能热水器,10,http://image.cnpp.cn/upload/images/20170420/20565967306_207x90.gif_138_60.jpg,【桑夏SUNSHORE】
热水器,太阳能热水器,11,http://image4.cnpp.cn/upload/images/20160123/16440271798_207x90.gif_138_60.jpg,【亿家能】
热水器,太阳能热水器,12,http://image4.cnpp.cn/upload/images/20150908/11460322881_207x90.gif_138_60.jpg,【辉煌太阳能】
热水器,太阳能热水器,13,http://image.cnpp.cn/upload/images/20160602/18003052208_207x90.gif_138_60.jpg,【桑普Sunpo】
热水器,太阳能热水器,14,http://image3.cnpp.cn/upload/images/20160112/20094111976_207x90.gif_138_60.jpg,【元升】
热水器,太阳能热水器,15,http://image2.cnpp.cn/upload/images/20160602/18003165993_207x90.gif_138_60.jpg,【五星太阳能】
热水器,太阳能热水器,16,http://image2.cnpp.cn/upload/images/20160602/18003155457_207x90.gif_138_60.jpg,【同济阳光】
热水器,太阳能热水器,17,http://image2.cnpp.cn/upload/images/20170420/15044868234_207x90.gif_138_60.jpg,【美大MEIDA】
热水器,太阳能热水器,18,http://image4.cnpp.cn/upload/images/20150108/09352029425_138x60.gif_138_60.jpg,【光芒GOMON】
热水器,太阳能热水器,19,http://image3.cnpp.cn/upload/images/20170420/21011424339_207x90.gif_138_60.jpg,【沐阳my】
热水器,太阳能热水器,20,http://image.cnpp.cn/upload/images/20170420/21254379520_207x90.gif_138_60.jpg,【双能SUNLARN】
热水器,即热式热水器,11,http://image4.cnpp.cn/upload/images/20160507/17271385255_207x90.gif_138_60.jpg,【哈佛Harvard】
热水器,即热式热水器,12,http://image4.cnpp.cn/upload/images/20170619/14453491819_207x90.gif_138_60.jpg,【DELLAS德而乐施】
热水器,即热式热水器,13,http://image2.cnpp.cn/upload/images/20170420/21270786103_207x90.gif_138_60.jpg,【德尔顿】
热水器,即热式热水器,14,http://image2.cnpp.cn/upload/images/20170420/21063823836_207x90.gif_138_60.jpg,【万家乐】
热水器,即热式热水器,15,http://image3.cnpp.cn/upload/images/20170420/21095222147_207x90.gif_138_60.jpg,【罗格rogo】
热水器,即热式热水器,16,http://image4.cnpp.cn/upload/images/20160811/08424848235_207x90.gif_138_60.jpg,【斯帝博】
热水器,即热式热水器,17,http://image3.cnpp.cn/upload/images/20150519/09123149097_207x90.gif_138_60.jpg,【优博】
热水器,即热式热水器,18,http://image3.cnpp.cn/upload/images/20150716/18001070922_207x90.gif_138_60.jpg,【阿诗丹顿USATON】
热水器,即热式热水器,19,http://image4.cnpp.cn/upload/images/20170420/20565923077_207x90.gif_138_60.jpg,【汉诺威Hannover】
热水器,即热式热水器,20,http://image4.cnpp.cn/upload/images/20170420/15044052229_207x90.gif_138_60.jpg,【澳柯玛AUCMA】
热水器,中央热水器,1,http://image4.cnpp.cn/upload/images/20170420/15044877986_207x90.gif_138_60.jpg,【A.O.史密斯】
热水器,中央热水器,2,http://image3.cnpp.cn/upload/images/20170420/15043840814_207x90.gif_138_60.jpg,【美的Midea】
热水器,中央热水器,3,http://image.cnpp.cn/upload/images/20170626/09112033338_207x90.gif_138_60.jpg,【瑞美·恒热】
热水器,中央热水器,4,http://image2.cnpp.cn/upload/images/20170420/21063823836_207x90.gif_138_60.jpg,【万家乐】
热水器,中央热水器,5,http://image2.cnpp.cn/upload/images/20170420/15044990614_207x90.gif_138_60.jpg,【ARISTON阿里斯顿】
热水器,中央热水器,6,http://image3.cnpp.cn/upload/images/20170420/15043898879_207x90.gif_138_60.jpg,【海尔Haier】
热水器,中央热水器,7,http://image4.cnpp.cn/upload/images/20170420/15044919586_207x90.gif_138_60.jpg,【Paloma百乐满】
热水器,中央热水器,8,http://image3.cnpp.cn/upload/images/20170420/20564626239_207x90.gif_138_60.jpg,【格力GREE】
热水器,中央热水器,9,http://image.cnpp.cn/upload/images/20170420/15044948845_207x90.gif_138_60.jpg,【万和Vanward】
热水器,中央热水器,10,http://image3.cnpp.cn/upload/images/20170420/20565885747_207x90.gif_138_60.jpg,【芬尼克兹PHNIX】
热水器,中央热水器,11,http://image3.cnpp.cn/upload/images/20170602/17271027143_207x90.gif_138_60.jpg,【奥特朗Otlan】
热水器,中央热水器,12,http://image2.cnpp.cn/upload/images/20150410/17512520135_207x90.gif_138_60.jpg,【真心ZXIN】
热水器,中央热水器,13,http://image4.cnpp.cn/upload/images/20150108/09352029425_138x60.gif_138_60.jpg,【光芒GOMON】
热水器,中央热水器,14,http://image4.cnpp.cn/upload/images/20170420/20570069807_207x90.gif_138_60.jpg,【康泉KANCH】
热水器,中央热水器,15,http://imagemg.cnpp.cn/upload/images/20150805/09494285446_207x90.gif_138_60.jpg,【赛德隆SIDELONG】
热水器,中央热水器,16,http://imagemg.cnpp.cn/upload/images/20160629/15593970815_207x90.gif_138_60.jpg,【水和WaterPlus】
热水器,中央热水器,17,http://image3.cnpp.cn/upload2/brand/20130813/091815_77709_logo1.jpg_138_60.jpg,【白浪BradfordWhite】
热水器,中央热水器,18,http://image2.cnpp.cn/upload2/brand/20130410/114404_42652_logo1.jpg_138_60.jpg,【光照GUMZ】
热水器,中央热水器,19,http://image.cnpp.cn/upload/images/20150715/09022194877_207x90.gif_138_60.jpg,【斯帝特sidite】
热水器,中央热水器,20,http://image2.cnpp.cn/upload/images/20170420/21011911900_207x90.gif_138_60.jpg,【凯顿KAIDUN】
卫浴,卫浴洁具,1,http://image3.cnpp.cn/upload/images/20150801/17042843031_207x90.gif_138_60.jpg,【Kohler科勒】
卫浴,卫浴洁具,2,http://image2.cnpp.cn/upload/images/20170420/15044251360_207x90.gif_138_60.jpg,【TOTO】
卫浴,卫浴洁具,3,http://image2.cnpp.cn/upload/images/20170420/15044733937_207x90.gif_138_60.jpg,【朝阳CME】
卫浴,卫浴洁具,4,http://image3.cnpp.cn/upload/images/20150801/17043112510_207x90.gif_138_60.jpg,【九牧JOMOO】
卫浴,卫浴洁具,5,http://image2.cnpp.cn/upload/images/20170420/15045182748_207x90.gif_138_60.jpg,【浪鲸卫浴SSWW】
卫浴,卫浴洁具,6,http://image2.cnpp.cn/upload/images/20170420/15095516633_207x90.gif_138_60.jpg,【杜菲尼DOFINY】
卫浴,卫浴洁具,7,http://image2.cnpp.cn/upload/images/20170420/15104110894_207x90.gif_138_60.jpg,【东鹏洁具】
卫浴,卫浴洁具,8,http://image.cnpp.cn/upload/images/20170420/15044281701_207x90.gif_138_60.jpg,【箭牌卫浴ARROW】
卫浴,卫浴洁具,9,http://image4.cnpp.cn/upload/images/20170420/15044390772_207x90.gif_138_60.jpg,【安华卫浴annwa】
卫浴,卫浴洁具,10,http://image4.cnpp.cn/upload/images/20170420/15044317315_207x90.gif_138_60.jpg,【法恩莎FAENZA】
卫浴,卫浴洁具,11,http://imagemg.cnpp.cn/upload/images/20161215/16364989475_207x90.gif_138_60.jpg,【恒洁卫浴】
卫浴,卫浴洁具,12,http://image4.cnpp.cn/upload/images/20170420/21302019560_207x90.gif_138_60.jpg,【扬子卫浴】
卫浴,卫浴洁具,13,http://imagemg.cnpp.cn/upload/images/20161130/16082330144_207x90.gif_138_60.jpg,【惠达HUIDA】
卫浴,卫浴洁具,14,http://image2.cnpp.cn/upload/images/20170420/15044250015_207x90.gif_138_60.jpg,【美标】
卫浴,卫浴洁具,15,http://image.cnpp.cn/upload/images/20170420/15045154896_207x90.gif_138_60.jpg,【心海伽蓝SHKL】
卫浴,卫浴洁具,16,http://imagemg.cnpp.cn/upload/images/20150821/09285420169_207x90.gif_138_60.jpg,【帝王洁具Monarch】
卫浴,卫浴洁具,17,http://image3.cnpp.cn/upload/images/20170420/20565117787_207x90.gif_138_60.jpg,【鹰卫浴YING】
卫浴,卫浴洁具,18,http://image3.cnpp.cn/upload/images/20170420/15044274039_207x90.gif_138_60.jpg,【中宇JOYOU】
卫浴,卫浴洁具,19,http://image4.cnpp.cn/upload/images/20170420/15044216061_207x90.gif_138_60.jpg,【阿波罗Appollo】
卫浴,卫浴洁具,20,http://image.cnpp.cn/upload/images/20170422/12442978874_207x90.gif_138_60.jpg,【HHSN辉煌】
橱柜,橱柜/整体厨房,1,http://image3.cnpp.cn/upload/images/20170420/15045154285_207x90.gif_138_60.jpg,【欧派OPPEIN】
橱柜,橱柜/整体厨房,2,http://image.cnpp.cn/upload/images/20170426/11021672116_207x90.gif_138_60.jpg,【韩丽家居HANEX】
橱柜,橱柜/整体厨房,3,http://image2.cnpp.cn/upload/images/20151030/16054146950_207x90.gif_138_60.jpg,【志邦厨柜ZBOM】
橱柜,橱柜/整体厨房,4,http://image2.cnpp.cn/upload/images/20170619/10224830370_207x90.gif_138_60.jpg,【迪凯诺dicano】
橱柜,橱柜/整体厨房,5,http://image.cnpp.cn/upload/images/20170420/20572699820_207x90.gif_138_60.jpg,【金牌厨柜】
橱柜,橱柜/整体厨房,6,http://image3.cnpp.cn/upload/images/20170420/15050119665_207x90.gif_138_60.jpg,【皮阿诺PIANO】
橱柜,橱柜/整体厨房,7,http://image4.cnpp.cn/upload/images/20170626/09122549430_207x90.gif_138_60.jpg,【尚品宅配】
橱柜,橱柜/整体厨房,8,http://image.cnpp.cn/upload/images/20170420/15045834749_207x90.gif_138_60.jpg,【维意Wayes】
橱柜,橱柜/整体厨房,9,http://image4.cnpp.cn/upload/images/20170422/16273145112_207x90.gif_138_60.jpg,【KEFAN科凡】
橱柜,橱柜/整体厨房,10,http://image3.cnpp.cn/upload/images/20151022/15365762171_207x90.gif_138_60.jpg,【SCHMIDT司米】
橱柜,橱柜/整体厨房,11,http://image4.cnpp.cn/upload/images/20170420/21094773827_207x90.gif_138_60.jpg,【箭牌橱柜ARROW】
橱柜,橱柜/整体厨房,12,http://image4.cnpp.cn/upload/images/20170422/13263599061_207x90.gif_138_60.jpg,【MK鑫雅】
橱柜,橱柜/整体厨房,13,http://image4.cnpp.cn/upload/images/20160729/20470639197_207x90.gif_138_60.jpg,【我乐】
橱柜,橱柜/整体厨房,14,http://image4.cnpp.cn/upload/images/20150908/11460961949_207x90.gif_138_60.jpg,【樱花Sakura】
橱柜,橱柜/整体厨房,15,http://image3.cnpp.cn/upload/images/20170420/15043898879_207x90.gif_138_60.jpg,【海尔Haier】
橱柜,橱柜/整体厨房,16,http://image3.cnpp.cn/upload/images/20160423/19295088022_207x90.gif_138_60.jpg,【欧琳oulin】
橱柜,橱柜/整体厨房,17,http://image.cnpp.cn/upload/images/20170422/12443027472_207x90.gif_138_60.jpg,【佳居乐CACAR】
橱柜,橱柜/整体厨房,18,http://imagemg.cnpp.cn/upload/images/20170208/09585899597_207x90.gif_138_60.jpg,【柏厨BORCCI】
橱柜,橱柜/整体厨房,19,http://image2.cnpp.cn/upload/images/20170420/20572135865_207x90.gif_138_60.jpg,【科宝·博洛尼Boloni】
橱柜,橱柜/整体厨房,20,http://image2.cnpp.cn/upload/images/20160708/09085063775_207x90.gif_138_60.jpg,【月兔橱柜】
厨房电器,厨房电器,1,http://image3.cnpp.cn/upload/images/20170420/20571163965_207x90.gif_138_60.jpg,【方太Fotile】
厨房电器,厨房电器,2,http://image4.cnpp.cn/upload/images/20170420/15043920746_207x90.gif_138_60.jpg,【老板ROBAM】
厨房电器,厨房电器,3,http://image2.cnpp.cn/upload/images/20170420/15044923133_207x90.gif_138_60.jpg,【华帝Vatti】
厨房电器,厨房电器,4,http://image4.cnpp.cn/upload/images/20170314/11252611754_207x90.gif_138_60.jpg,【火王HIONE】
厨房电器,厨房电器,5,http://image3.cnpp.cn/upload/images/20170420/15104749532_207x90.gif_138_60.jpg,【SIEMENS西门子家电】
厨房电器,厨房电器,6,http://image.cnpp.cn/upload/images/20170420/15044948845_207x90.gif_138_60.jpg,【万和Vanward】
厨房电器,厨房电器,7,http://imagemg.cnpp.cn/upload/images/20161110/14083220459_207x90.gif_138_60.jpg,【容声厨卫】
厨房电器,厨房电器,8,http://image3.cnpp.cn/upload/images/20170420/15043840814_207x90.gif_138_60.jpg,【美的Midea】
厨房电器,厨房电器,9,http://image3.cnpp.cn/upload/images/20170420/15043898879_207x90.gif_138_60.jpg,【海尔Haier】
厨房电器,厨房电器,10,http://image2.cnpp.cn/upload/images/20170420/21063823836_207x90.gif_138_60.jpg,【万家乐】
厨房电器,厨房电器,11,http://image.cnpp.cn/upload/images/20170420/15043846421_207x90.gif_138_60.jpg,【帅康sacon】
厨房电器,厨房电器,12,http://image4.cnpp.cn/upload/images/20150414/18051498884_207x90.gif_138_60.jpg,【德意DE&E;】
厨房电器,厨房电器,13,http://image3.cnpp.cn/upload/images/20170420/15045985081_207x90.gif_138_60.jpg,【帅丰SANFER】
厨房电器,厨房电器,14,http://image.cnpp.cn/upload/images/20170411/10152562728_207x90.gif_138_60.jpg,【森歌SENG】
厨房电器,厨房电器,15,http://image4.cnpp.cn/upload/images/20150908/11460961949_207x90.gif_138_60.jpg,【樱花Sakura】
厨房电器,厨房电器,16,http://image2.cnpp.cn/upload/images/20170420/15043913825_207x90.gif_138_60.jpg,【苏泊尔SUPOR】
厨房电器,厨房电器,17,http://image4.cnpp.cn/upload/images/20170420/20570123989_207x90.gif_138_60.jpg,【樱雪INSE】
厨房电器,厨房电器,18,http://image.cnpp.cn/upload/images/20170420/15043979061_207x90.gif_138_60.jpg,【康宝Canbo】
厨房电器,厨房电器,19,http://image3.cnpp.cn/upload/images/20170420/15044217441_207x90.gif_138_60.jpg,【Electrolux伊莱克斯】
厨房电器,厨房电器,20,http://image.cnpp.cn/upload/images/20170414/18030338381_207x90.gif_138_60.jpg,【OUYI欧意智能厨房】
入户门,防盗门-安全门,1,http://image.cnpp.cn/upload/images/20170420/20573795071_207x90.gif_138_60.jpg,【王力WONLY】
入户门,防盗门-安全门,2,http://image4.cnpp.cn/upload/images/20170420/15045023494_207x90.gif_138_60.jpg,【盼盼PANPAN】
入户门,防盗门-安全门,3,http://image3.cnpp.cn/upload/images/20170420/15051768602_207x90.gif_138_60.jpg,【新多SIMTO】
入户门,防盗门-安全门,4,http://image4.cnpp.cn/upload/images/20170420/15050366177_207x90.gif_138_60.jpg,【步阳BY】
入户门,防盗门-安全门,5,http://image2.cnpp.cn/upload/images/20170420/15050343513_207x90.gif_138_60.jpg,【美心Mexin】
入户门,防盗门-安全门,6,http://image4.cnpp.cn/upload/images/20170420/15051766660_207x90.gif_138_60.jpg,【大力大喜】
入户门,防盗门-安全门,7,http://image.cnpp.cn/upload/images/20151212/14460546866_207x90.gif_138_60.jpg,【星月神】
入户门,防盗门-安全门,8,http://image2.cnpp.cn/upload/images/20170420/15050324211_207x90.gif_138_60.jpg,【群升门业chinsun】
入户门,防盗门-安全门,9,http://image3.cnpp.cn/upload/images/20170304/11331061154_207x90.gif_138_60.jpg,【锐亿门业RAYI】
入户门,防盗门-安全门,10,http://image2.cnpp.cn/upload/images/20151113/17325839211_207x90.gif_138_60.jpg,【飞云】
入户门,防盗门-安全门,11,http://image3.cnpp.cn/upload/images/20170420/20570240397_207x90.gif_138_60.jpg,【日上Reisun】
入户门,防盗门-安全门,12,http://image.cnpp.cn/upload/images/20170420/15105727024_207x90.gif_138_60.jpg,【涛涛TAOTAO】
入户门,防盗门-安全门,13,http://imagemg.cnpp.cn/upload/images/20151212/14461138928_207x90.gif_138_60.jpg,【金凯德KKD】
入户门,防盗门-安全门,14,http://image3.cnpp.cn/upload/images/20170422/12443197136_207x90.gif_138_60.jpg,【万嘉WANJIA】
入户门,防盗门-安全门,15,http://image.cnpp.cn/upload/images/20150406/18051310044_207x90.gif_138_60.jpg,【金大田】
入户门,防盗门-安全门,16,http://image2.cnpp.cn/upload/images/20170420/15051681312_207x90.gif_138_60.jpg,【龙树LONGSHU】
入户门,防盗门-安全门,17,http://image4.cnpp.cn/upload/images/20160519/09012883288_207x90.gif_138_60.jpg,【龙甲LONGJIA】
入户门,防盗门-安全门,18,http://image2.cnpp.cn/upload/images/20170627/15261296786_207x90.gif_138_60.jpg,【春天SPRING】
入户门,防盗门-安全门,19,http://image2.cnpp.cn/upload/images/20170420/21012336821_207x90.gif_138_60.jpg,【索福SOFU】
入户门,防盗门-安全门,20,http://image3.cnpp.cn/upload/images/20150721/14142695784_207x90.gif_138_60.jpg,【铸诚ZHUCHENG】
配电箱,配电箱,1,http://image.cnpp.cn/upload/images/20151105/17253560990_207x90.gif_138_60.jpg,【Schneider施耐德】
配电箱,配电箱,2,http://image4.cnpp.cn/upload/images/20170420/15043965020_207x90.gif_138_60.jpg,【SIEMENS西门子】
配电箱,配电箱,3,http://image4.cnpp.cn/upload/images/20151105/17253582212_207x90.gif_138_60.jpg,【ABB】
配电箱,配电箱,4,http://image.cnpp.cn/upload/images/20170420/15094380344_207x90.gif_138_60.jpg,【正泰CHNT】
配电箱,配电箱,5,http://image2.cnpp.cn/upload/images/20170420/15094325147_207x90.gif_138_60.jpg,【德力西电气】
配电箱,配电箱,6,http://image2.cnpp.cn/upload/images/20151105/17253469299_207x90.gif_138_60.jpg,【鸿雁HONYAR】
配电箱,配电箱,7,http://image3.cnpp.cn/upload/images/20170420/15050360712_207x90.gif_138_60.jpg,【Legrand罗格朗】
配电箱,配电箱,8,http://image.cnpp.cn/upload/images/20170420/15105032765_207x90.gif_138_60.jpg,【海格Hager】
配电箱,配电箱,9,http://imagemg.cnpp.cn/upload/images/20150801/17041544244_207x90.gif_138_60.jpg,【Panasonic松下】
配电箱,配电箱,10,http://image4.cnpp.cn/upload/images/20170420/15131612982_207x90.gif_138_60.jpg,【信基SINGI】
配电箱,配电箱,11,http://image2.cnpp.cn/upload/images/20170420/15050357086_207x90.gif_138_60.jpg,【Simon西蒙】
配电箱,配电箱,12,http://image3.cnpp.cn/upload/images/20170420/21104157594_207x90.gif_138_60.jpg,【福田FUTINA】
配电箱,配电箱,13,http://image.cnpp.cn/upload/images/20150919/18464614050_207x90.gif_138_60.jpg,【俊朗JUNON】
配电箱,配电箱,14,http://image.cnpp.cn/upload/images/20160527/17591920894_207x90.gif_138_60.jpg,【枣源】
配电箱,配电箱,15,http://image.cnpp.cn/upload/images/20170422/13153971101_207x90.gif_138_60.jpg,【e代家园】
配电箱,配电箱,16,http://image4.cnpp.cn/upload/images/20170420/21130524525_207x90.gif_138_60.jpg,【领尚LESSO】
配电箱,配电箱,17,http://image3.cnpp.cn/upload/images/20160105/18142710788_207x90.gif_138_60.jpg,【德洛】
配电箱,配电箱,18,http://image.cnpp.cn/upload/images/20160806/09124721899_138x60.gif_138_60.jpg,【瑞尔】
配电箱,配电箱,19,http://image4.cnpp.cn/upload/images/20151202/17560384968_207x90.gif_138_60.jpg,【稳利达】
配电箱,配电箱,20,http://image4.cnpp.cn/upload/images/20150925/09193988209_207x90.gif_138_60.jpg,【尤立科YouLiKe】
木地板,地板,1,http://image2.cnpp.cn/upload/images/20170420/15045457344_207x90.gif_138_60.jpg,【肯帝亚KENTIER】
木地板,地板,2,http://imagemg.cnpp.cn/upload/images/20161019/09133953684_207x90.gif_138_60.jpg,【扬子地板】
木地板,地板,3,http://image.cnpp.cn/upload/images/20170512/16354726760_207x90.gif_138_60.jpg,【安心地板】
木地板,地板,4,http://image.cnpp.cn/upload/images/20170420/15045520970_207x90.gif_138_60.jpg,【联丰ILIFE】
木地板,地板,5,http://image3.cnpp.cn/upload/images/20170420/15045439681_207x90.gif_138_60.jpg,【凯莱地板gloria】
木地板,地板,6,http://imagemg.cnpp.cn/upload/images/20161214/09385310944_207x90.gif_138_60.jpg,【拜尔地板Baier】
木地板,地板,7,http://image3.cnpp.cn/upload/images/20170606/17560944272_207x90.gif_138_60.jpg,【福人地板】
木地板,地板,8,http://image4.cnpp.cn/upload/images/20170420/15095490864_207x90.gif_138_60.jpg,【高牌地板GOOSIGN】
木地板,地板,9,http://image.cnpp.cn/upload/images/20170420/15045495597_207x90.gif_138_60.jpg,【圣象PowerDekor】
木地板,地板,10,http://image3.cnpp.cn/upload/images/20170420/15045433154_207x90.gif_138_60.jpg,【生活家】
木地板,地板,11,http://image4.cnpp.cn/upload/images/20170422/12443114838_207x90.gif_138_60.jpg,【森迈SENMAI】
木地板,地板,12,http://image4.cnpp.cn/upload/images/20170420/21013167433_207x90.gif_138_60.jpg,【大自然Nature】
木地板,地板,13,http://image4.cnpp.cn/upload/images/20160602/08570240851_207x90.gif_138_60.jpg,【安信地板】
木地板,地板,14,http://image3.cnpp.cn/upload/images/20151027/18101543250_207x90.gif_138_60.jpg,【Vohringer菲林格尔】
木地板,地板,15,http://image4.cnpp.cn/upload/images/20170420/15105144109_207x90.gif_138_60.jpg,【鹦鹉地板PARROT】
木地板,地板,16,http://image.cnpp.cn/upload/images/20170420/15045437567_207x90.gif_138_60.jpg,【世友地板SUNYARD】
木地板,地板,17,http://image4.cnpp.cn/upload/images/20170420/15104755884_207x90.gif_138_60.jpg,【天振TARZEN】
木地板,地板,18,http://image4.cnpp.cn/upload/images/20170420/15103568995_207x90.gif_138_60.jpg,【贝尔地板BBL】
木地板,地板,19,http://image.cnpp.cn/upload/images/20170420/15045410570_207x90.gif_138_60.jpg,【升达地板SDf】
木地板,地板,20,http://image3.cnpp.cn/upload/images/20150505/11093695728_207x90.gif_138_60.jpg,【书香门地Artemundi】
木地板,强化复合地板,1,http://image2.cnpp.cn/upload/images/20170420/15045457344_207x90.gif_138_60.jpg,【肯帝亚KENTIER】
木地板,强化复合地板,2,http://image.cnpp.cn/upload/images/20170512/16354726760_207x90.gif_138_60.jpg,【安心地板】
木地板,强化复合地板,3,http://imagemg.cnpp.cn/upload/images/20161019/09133953684_207x90.gif_138_60.jpg,【扬子地板】
木地板,强化复合地板,4,http://imagemg.cnpp.cn/upload/images/20161214/09385310944_207x90.gif_138_60.jpg,【拜尔地板Baier】
木地板,强化复合地板,5,http://image.cnpp.cn/upload/images/20170420/15045520970_207x90.gif_138_60.jpg,【联丰ILIFE】
木地板,强化复合地板,6,http://image.cnpp.cn/upload/images/20170420/15045495597_207x90.gif_138_60.jpg,【圣象PowerDekor】
木地板,强化复合地板,7,http://image3.cnpp.cn/upload/images/20151027/18101543250_207x90.gif_138_60.jpg,【Vohringer菲林格尔】
木地板,强化复合地板,8,http://image4.cnpp.cn/upload/images/20170420/15095490864_207x90.gif_138_60.jpg,【高牌地板GOOSIGN】
木地板,强化复合地板,9,http://image3.cnpp.cn/upload/images/20170227/10555045232_207x90.gif_138_60.jpg,【欧象地板】
木地板,强化复合地板,10,http://image3.cnpp.cn/upload/images/20170420/15045433154_207x90.gif_138_60.jpg,【生活家】
木地板,强化复合地板,11,http://image3.cnpp.cn/upload/images/20170420/15045439681_207x90.gif_138_60.jpg,【凯莱地板gloria】
木地板,强化复合地板,12,http://image4.cnpp.cn/upload/images/20170420/21013167433_207x90.gif_138_60.jpg,【大自然Nature】
木地板,强化复合地板,13,http://image3.cnpp.cn/upload/images/20170420/15045434264_207x90.gif_138_60.jpg,【德尔Der】
木地板,强化复合地板,14,http://image3.cnpp.cn/upload/images/20170606/17560944272_207x90.gif_138_60.jpg,【福人地板】
木地板,强化复合地板,15,http://image4.cnpp.cn/upload/images/20160602/08570240851_207x90.gif_138_60.jpg,【安信地板】
木地板,强化复合地板,16,http://image4.cnpp.cn/upload/images/20170420/15105144109_207x90.gif_138_60.jpg,【鹦鹉地板PARROT】
木地板,强化复合地板,17,http://image4.cnpp.cn/upload/images/20170422/12443114838_207x90.gif_138_60.jpg,【森迈SENMAI】
木地板,强化复合地板,18,http://image4.cnpp.cn/upload/images/20170420/15103568995_207x90.gif_138_60.jpg,【贝尔地板BBL】
木地板,强化复合地板,19,http://image.cnpp.cn/upload/images/20151027/14050789236_207x90.gif_138_60.jpg,【莫干山】
木地板,强化复合地板,20,http://image2.cnpp.cn/upload/images/20170627/15261296786_207x90.gif_138_60.jpg,【春天SPRING】
木地板,实木地板,1,http://image4.cnpp.cn/upload/images/20170420/21013167433_207x90.gif_138_60.jpg,【大自然Nature】
木地板,实木地板,2,http://image2.cnpp.cn/upload/images/20170420/15045457344_207x90.gif_138_60.jpg,【肯帝亚KENTIER】
木地板,实木地板,3,http://image.cnpp.cn/upload/images/20170420/15045520970_207x90.gif_138_60.jpg,【联丰ILIFE】
木地板,实木地板,4,http://imagemg.cnpp.cn/upload/images/20161214/09385310944_207x90.gif_138_60.jpg,【拜尔地板Baier】
木地板,实木地板,5,http://image.cnpp.cn/upload/images/20170512/16354726760_207x90.gif_138_60.jpg,【安心地板】
木地板,实木地板,6,http://image4.cnpp.cn/upload/images/20170420/15095490864_207x90.gif_138_60.jpg,【高牌地板GOOSIGN】
木地板,实木地板,7,http://image4.cnpp.cn/upload/images/20160602/08570240851_207x90.gif_138_60.jpg,【安信地板】
木地板,实木地板,8,http://image3.cnpp.cn/upload/images/20170420/15045433154_207x90.gif_138_60.jpg,【生活家】
木地板,实木地板,9,http://image4.cnpp.cn/upload/images/20170420/15103568995_207x90.gif_138_60.jpg,【贝尔地板BBL】
木地板,实木地板,10,http://image.cnpp.cn/upload/images/20170420/15045437567_207x90.gif_138_60.jpg,【世友地板SUNYARD】
木地板,实木地板,11,http://imagemg.cnpp.cn/upload/images/20161019/09133953684_207x90.gif_138_60.jpg,【扬子地板】
木地板,实木地板,12,http://image.cnpp.cn/upload/images/20170420/15045495597_207x90.gif_138_60.jpg,【圣象PowerDekor】
木地板,实木地板,13,http://image3.cnpp.cn/upload/images/20170606/17560944272_207x90.gif_138_60.jpg,【福人地板】
木地板,实木地板,14,http://image.cnpp.cn/upload/images/20160602/08570222360_207x90.gif_138_60.jpg,【久盛TREESSUN】
木地板,实木地板,15,http://image4.cnpp.cn/upload/images/20170420/15104755884_207x90.gif_138_60.jpg,【天振TARZEN】
木地板,实木地板,16,http://image.cnpp.cn/upload/images/20170626/09113986509_207x90.gif_138_60.jpg,【千年舟TREEZO】
木地板,实木地板,17,http://image.cnpp.cn/upload/images/20151112/15405434033_207x90.gif_138_60.jpg,【康辉KOV】
木地板,实木地板,18,http://image4.cnpp.cn/upload/images/20160602/08570217471_207x90.gif_138_60.jpg,【富得利FUDELI】
木地板,实木地板,19,http://image.cnpp.cn/upload/images/20150103/15484464420_138x60.gif_138_60.jpg,【永吉·古尼拉地板】
木地板,实木地板,20,http://image3.cnpp.cn/upload/images/20170420/15045434264_207x90.gif_138_60.jpg,【德尔Der】
木地板,多层木地板,1,http://image.cnpp.cn/upload/images/20170420/15045495597_207x90.gif_138_60.jpg,【圣象PowerDekor】
木地板,多层木地板,2,http://image3.cnpp.cn/upload/images/20170420/15045433154_207x90.gif_138_60.jpg,【生活家】
木地板,多层木地板,3,http://image2.cnpp.cn/upload/images/20170420/15045457344_207x90.gif_138_60.jpg,【肯帝亚KENTIER】
木地板,多层木地板,4,http://image.cnpp.cn/upload/images/20170512/16354726760_207x90.gif_138_60.jpg,【安心地板】
木地板,多层木地板,5,http://image4.cnpp.cn/upload/images/20170420/15095490864_207x90.gif_138_60.jpg,【高牌地板GOOSIGN】
木地板,多层木地板,6,http://image4.cnpp.cn/upload/images/20170420/15105144109_207x90.gif_138_60.jpg,【鹦鹉地板PARROT】
木地板,多层木地板,7,http://image.cnpp.cn/upload/images/20170420/15045520970_207x90.gif_138_60.jpg,【联丰ILIFE】
木地板,多层木地板,8,http://image4.cnpp.cn/upload/images/20170420/21013167433_207x90.gif_138_60.jpg,【大自然Nature】
木地板,多层木地板,9,http://image4.cnpp.cn/upload/images/20170420/15103568995_207x90.gif_138_60.jpg,【贝尔地板BBL】
木地板,多层木地板,10,http://imagemg.cnpp.cn/upload/images/20161019/09133953684_207x90.gif_138_60.jpg,【扬子地板】
木地板,多层木地板,11,http://imagemg.cnpp.cn/upload/images/20161214/09385310944_207x90.gif_138_60.jpg,【拜尔地板Baier】
木地板,多层木地板,12,http://image.cnpp.cn/upload/images/20170420/15045437567_207x90.gif_138_60.jpg,【世友地板SUNYARD】
木地板,多层木地板,13,http://image4.cnpp.cn/upload/images/20170420/15045532283_207x90.gif_138_60.jpg,【MapLe's北美枫情】
木地板,多层木地板,14,http://image3.cnpp.cn/upload/images/20170606/17560944272_207x90.gif_138_60.jpg,【福人地板】
木地板,多层木地板,15,http://image4.cnpp.cn/upload/images/20160602/08570240851_207x90.gif_138_60.jpg,【安信地板】
木地板,多层木地板,16,http://image3.cnpp.cn/upload/images/20151027/18101543250_207x90.gif_138_60.jpg,【Vohringer菲林格尔】
木地板,多层木地板,17,http://image.cnpp.cn/upload/images/20160602/08570222360_207x90.gif_138_60.jpg,【久盛TREESSUN】
木地板,多层木地板,18,http://image3.cnpp.cn/upload/images/20170420/15045434264_207x90.gif_138_60.jpg,【德尔Der】
木地板,多层木地板,19,http://image3.cnpp.cn/upload/images/20150505/11093695728_207x90.gif_138_60.jpg,【书香门地Artemundi】
木地板,多层木地板,20,http://image.cnpp.cn/upload/images/20170626/09113986509_207x90.gif_138_60.jpg,【千年舟TREEZO】
木地板,软木地板,1,http://image4.cnpp.cn/upload/images/20170626/09113718467_207x90.gif_138_60.jpg,【WICANDERS】
木地板,软木地板,2,http://image2.cnpp.cn/upload/images/20160407/10293864708_207x90.gif_138_60.jpg,【德合家Deho】
木地板,软木地板,3,http://image2.cnpp.cn/upload/images/20170328/13345775258_207x90.gif_138_60.jpg,【LICO丽蔻】
木地板,软木地板,4,http://image4.cnpp.cn/upload/images/20160407/10293889303_207x90.gif_138_60.jpg,【静林JILINK】
木地板,软木地板,5,http://image2.cnpp.cn/upload/images/20151107/10060639343_207x90.gif_138_60.jpg,【森豪仕SENKING】
木地板,软木地板,6,http://image.cnpp.cn/upload/images/20160814/09214634719_207x90.gif_138_60.jpg,【GRANORTE伽诺】
木地板,软木地板,7,http://image4.cnpp.cn/upload/images/20160706/18121415694_207x90.gif_138_60.jpg,【CAROLIM卡洛林】
木地板,软木地板,8,http://image.cnpp.cn/upload/images/20160913/17584171399_207x90.gif_138_60.jpg,【耐适佳INGENCORK】
木地板,软木地板,9,http://image4.cnpp.cn/upload/images/20170302/18095811626_207x90.gif_138_60.jpg,【汉诺HARO】
木地板,软木地板,10,http://image3.cnpp.cn/upload/images/20160428/09070570035_207x90.gif_138_60.jpg,【乐得仕laucork】
木地板,软木地板,11,http://image.cnpp.cn/upload/images/20160819/11422843969_207x90.gif_138_60.jpg,【GRANORTE歌润】
木地板,软木地板,12,http://image.cnpp.cn/upload/images/20161229/18002746327_207x90.gif_138_60.jpg,【洛基LODGI】
木地板,软木地板,13,http://image3.cnpp.cn/upload/images/20141202/10362273518_138x60.gif_138_60.jpg,【SCHULTE舒尔特】
木地板,软木地板,14,http://image3.cnpp.cn/upload/images/20170318/16220175178_207x90.gif_138_60.jpg,【享木ENJOYWOOD】
木地板,软木地板,15,http://image.cnpp.cn/upload/images/20170420/21025499704_207x90.gif_138_60.jpg,【万宝龙图腾】
木地板,软木地板,16,http://image.cnpp.cn/upload/images/20160507/17271316961_207x90.gif_138_60.jpg,【KORBENA康佰纳】
木地板,软木地板,17,http://image3.cnpp.cn/upload/images/20160428/09072579023_207x90.gif_138_60.jpg,【CORKSRIBAS康瑞】
木地板,软木地板,18,http://image4.cnpp.cn/upload/images/20161229/18002880235_207x90.gif_138_60.jpg,【安派尔】
木地板,软木地板,19,http://image2.cnpp.cn/upload2/brand/20131216/170330_5081.jpg_138_60.jpg,【纳兰昂多LAROUNDLE】
木地板,软木地板,20,http://image.cnpp.cn/upload/images/20170105/16071184336_207x90.gif_138_60.jpg,【永明软木】
管材,管道-水管,1,http://image4.cnpp.cn/upload/images/20170420/15050330868_207x90.gif_138_60.jpg,【联塑LESSO】
管材,管道-水管,2,http://image.cnpp.cn/upload/images/20170420/15050264100_207x90.gif_138_60.jpg,【保利管道】
管材,管道-水管,3,http://image2.cnpp.cn/upload/images/20170420/15050216041_207x90.gif_138_60.jpg,【美尔固MIERGU】
管材,管道-水管,4,http://imagemg.cnpp.cn/upload/images/20160429/14251882182_207x90.gif_138_60.jpg,【索邦管】
管材,管道-水管,5,http://image4.cnpp.cn/upload/images/20170420/15094772703_207x90.gif_138_60.jpg,【皮尔萨ABM】
管材,管道-水管,6,http://imagemg.cnpp.cn/upload/images/20160922/16464980781_207x90.gif_138_60.jpg,【军星管业】
管材,管道-水管,7,http://image.cnpp.cn/upload/images/20170412/15161716151_207x90.gif_138_60.jpg,【SHRH瑞河管业】
管材,管道-水管,8,http://imagemg.cnpp.cn/upload/images/20161214/09385386645_207x90.gif_138_60.jpg,【龙胜管业LS】
管材,管道-水管,9,http://image.cnpp.cn/upload/images/20170422/17120260605_207x90.gif_138_60.jpg,【JOMUGY宝士特】
管材,管道-水管,10,http://image2.cnpp.cn/upload/images/20170420/20573581194_207x90.gif_138_60.jpg,【伟星vasen】
管材,管道-水管,11,http://image2.cnpp.cn/upload/images/20170320/18070799234_207x90.gif_138_60.jpg,【中财ZHONGCAI】
管材,管道-水管,12,http://image.cnpp.cn/upload/images/20151028/16304710344_207x90.gif_138_60.jpg,【日丰】
管材,管道-水管,13,http://image.cnpp.cn/upload/images/20170420/15050290433_207x90.gif_138_60.jpg,【金德Ginde】
管材,管道-水管,14,http://image3.cnpp.cn/upload/images/20150529/17373661037_138x60.gif_138_60.jpg,【天力TEILEI】
管材,管道-水管,15,http://image.cnpp.cn/upload/images/20160726/09133151187_207x90.gif_138_60.jpg,【宏岳】
管材,管道-水管,16,http://image2.cnpp.cn/upload/images/20170422/12443093416_207x90.gif_138_60.jpg,【公元ERA】
管材,管道-水管,17,http://image.cnpp.cn/upload/images/20170627/15261239754_207x90.gif_138_60.jpg,【菲时特FANSKI】
管材,管道-水管,18,http://image4.cnpp.cn/upload/images/20161117/09510775008_207x90.gif_138_60.jpg,【白蝶】
管材,管道-水管,19,http://image2.cnpp.cn/upload/images/20150529/17373721818_138x60.gif_138_60.jpg,【鸿雁管业HONYAR】
管材,管道-水管,20,http://image3.cnpp.cn/upload/images/20170420/15050266380_207x90.gif_138_60.jpg,【金牛管业】
电梯,电梯,1,http://image3.cnpp.cn/upload/images/20160419/09122270481_207x90.gif_138_60.jpg,【三菱电梯】
电梯,电梯,2,http://image2.cnpp.cn/upload/images/20160309/18115298326_207x90.gif_138_60.jpg,【OTIS奥的斯】
电梯,电梯,3,http://image.cnpp.cn/upload/images/20160419/09122244341_207x90.gif_138_60.jpg,【通力KONE】
电梯,电梯,4,http://image3.cnpp.cn/upload/images/20170420/15123721649_207x90.gif_138_60.jpg,【Hitachi日立】
电梯,电梯,5,http://image2.cnpp.cn/upload/images/20160419/18051656513_207x90.gif_138_60.jpg,【Schindler迅达】
电梯,电梯,6,http://image2.cnpp.cn/upload/images/20160419/18051685586_207x90.gif_138_60.jpg,【蒂森克虏伯】
电梯,电梯,7,http://image4.cnpp.cn/upload/images/20160419/09122289565_207x90.gif_138_60.jpg,【西子奥的斯XiziOTIS】
电梯,电梯,8,http://image4.cnpp.cn/upload/images/20160419/18051634619_207x90.gif_138_60.jpg,【富士达FUJITEC】
电梯,电梯,9,http://image4.cnpp.cn/upload/images/20151014/08393151709_207x90.gif_138_60.jpg,【Toshiba东芝电梯】
电梯,电梯,10,http://image3.cnpp.cn/upload/images/20170420/15051045873_207x90.gif_138_60.jpg,【康力Canny】
电梯,电梯,11,http://imagemg.cnpp.cn/upload/images/20160706/18121515950_207x90.gif_138_60.jpg,【永大电梯YUNGTAY】
电梯,电梯,12,http://image.cnpp.cn/upload/images/20160722/08510960046_207x90.gif_138_60.jpg,【广日】
电梯,电梯,13,http://image2.cnpp.cn/upload/images/20161013/17473589072_207x90.gif_138_60.jpg,【江南嘉捷SJEC】
电梯,电梯,14,http://imagemg.cnpp.cn/upload/images/20160414/18101861884_207x90.gif_138_60.jpg,【博林特】
电梯,电梯,15,http://image4.cnpp.cn/upload/images/20160722/08510931036_207x90.gif_138_60.jpg,【EXPRESS快速】
电梯,电梯,16,http://image3.cnpp.cn/upload/images/20170208/09575424079_207x90.gif_138_60.jpg,【GIANTKONE】
电梯,电梯,17,http://image.cnpp.cn/upload/images/20170420/21023929708_207x90.gif_138_60.jpg,【西继迅达XJSchindler】
电梯,电梯,18,http://image3.cnpp.cn/upload/images/20161117/16521299170_207x90.gif_138_60.jpg,【IFE快意】
电梯,电梯,19,http://image3.cnpp.cn/upload/images/20160722/08510977467_207x90.gif_138_60.jpg,【星玛SIGMA】
电梯,电梯,20,http://imagemg.cnpp.cn/upload2/brand/20130903/162959_44209_logo1.jpg_138_60.jpg,【西奥XIOLIFI】
新风系统,新风系统/吸尘系统,1,http://imagemg.cnpp.cn/upload/images/20150801/17041544244_207x90.gif_138_60.jpg,【Panasonic松下】
新风系统,新风系统/吸尘系统,2,http://image4.cnpp.cn/upload/images/20150908/11463226729_207x90.gif_138_60.jpg,【ZEHNDER森德】
新风系统,新风系统/吸尘系统,3,http://image2.cnpp.cn/upload/images/20170420/15122772683_207x90.gif_138_60.jpg,【远大洁净空气】
新风系统,新风系统/吸尘系统,4,http://image4.cnpp.cn/upload/images/20170420/15044734432_207x90.gif_138_60.jpg,【Honeywell霍尼韦尔】
新风系统,新风系统/吸尘系统,5,http://image2.cnpp.cn/upload/images/20170704/11204571489_207x90.gif_138_60.jpg,【爱迪士aldes】
新风系统,新风系统/吸尘系统,6,http://image.cnpp.cn/upload/images/20150121/09224660310_138x60.gif_138_60.jpg,【NATHER兰舍】
新风系统,新风系统/吸尘系统,7,http://image4.cnpp.cn/upload/images/20170420/15044687279_207x90.gif_138_60.jpg,【DAIKIN大金】
新风系统,新风系统/吸尘系统,8,http://image4.cnpp.cn/upload/images/20161028/17340347957_207x90.gif_138_60.jpg,【BROAN百朗】
新风系统,新风系统/吸尘系统,9,http://image3.cnpp.cn/upload/images/20160407/10294423981_207x90.gif_138_60.jpg,【奥得奥airdow】
新风系统,新风系统/吸尘系统,10,http://image4.cnpp.cn/upload/images/20170224/09271636254_207x90.gif_138_60.jpg,【Vortice沃特斯】
新风系统,新风系统/吸尘系统,11,http://image3.cnpp.cn/upload/images/20150121/09224623859_138x60.gif_138_60.jpg,【迈迪龙MADELON】
新风系统,新风系统/吸尘系统,12,http://image3.cnpp.cn/upload/images/20161118/17524286026_207x90.gif_138_60.jpg,【普瑞泰Dpurat】
新风系统,新风系统/吸尘系统,13,http://image.cnpp.cn/upload/images/20170102/09260471884_207x90.gif_138_60.jpg,【瑞芬德Rifinde】
新风系统,新风系统/吸尘系统,14,http://image.cnpp.cn/upload/images/20170102/09260417729_207x90.gif_138_60.jpg,【Dephina】
新风系统,新风系统/吸尘系统,15,http://image3.cnpp.cn/upload/images/20170102/09260476325_207x90.gif_138_60.jpg,【海润BlueHorizon】
新风系统,新风系统/吸尘系统,16,http://image2.cnpp.cn/upload/images/20170102/09260472192_207x90.gif_138_60.jpg,【科力鑫】
新风系统,新风系统/吸尘系统,17,http://image.cnpp.cn/upload/images/20150821/09291963999_207x90.gif_138_60.jpg,【亚都YADU】
新风系统,新风系统/吸尘系统,18,http://image4.cnpp.cn/upload/images/20170420/15044720796_207x90.gif_138_60.jpg,【绿岛风Nedfon】
新风系统,新风系统/吸尘系统,19,http://image.cnpp.cn/upload/images/20170420/15044998183_207x90.gif_138_60.jpg,【Vaillant威能】
新风系统,新风系统/吸尘系统,20,http://image.cnpp.cn/upload/images/20160612/08575312514_207x90.gif_138_60.jpg,【台达DELTA】
室内涂料,油漆涂料,1,http://image.cnpp.cn/upload/images/20170420/15050027843_207x90.gif_138_60.jpg,【Dulux多乐士】
室内涂料,油漆涂料,2,http://image2.cnpp.cn/upload/images/20150805/09130749769_207x90.gif_138_60.jpg,【Nippon立邦】
室内涂料,油漆涂料,3,http://image3.cnpp.cn/upload/images/20170420/17073042975_207x90.gif_138_60.jpg,【沙漠绿洲漆Smoz】
室内涂料,油漆涂料,4,http://image4.cnpp.cn/upload/images/20160602/08570247486_207x90.gif_138_60.jpg,【Düfa都芳】
室内涂料,油漆涂料,5,http://image.cnpp.cn/upload/images/20170420/15050063724_207x90.gif_138_60.jpg,【三棵树SKSHU】
室内涂料,油漆涂料,6,http://image4.cnpp.cn/upload/images/20150805/09130842370_207x90.gif_138_60.jpg,【嘉宝莉漆Carpoly】
室内涂料,油漆涂料,7,http://image4.cnpp.cn/upload/images/20170420/15094565257_207x90.gif_138_60.jpg,【PPG大师漆】
室内涂料,油漆涂料,8,http://image.cnpp.cn/upload/images/20170420/15050025044_207x90.gif_138_60.jpg,【华润漆】
室内涂料,油漆涂料,9,http://image.cnpp.cn/upload/images/20160602/08570217533_207x90.gif_138_60.jpg,【紫荆花漆Bauhinia】
室内涂料,油漆涂料,10,http://image.cnpp.cn/upload/images/20170420/15050184944_207x90.gif_138_60.jpg,【Tikkurila芬琳漆】
室内涂料,油漆涂料,11,http://image4.cnpp.cn/upload/images/20160727/08584360410_207x90.gif_138_60.jpg,【SherwinWilliams宣伟】
室内涂料,油漆涂料,12,http://image4.cnpp.cn/upload/images/20170322/17295853587_207x90.gif_138_60.jpg,【BADESE巴德士】
室内涂料,油漆涂料,13,http://image2.cnpp.cn/upload/images/20170422/12443230241_207x90.gif_138_60.jpg,【晨阳水漆CYSQ】
室内涂料,油漆涂料,14,http://image4.cnpp.cn/upload/images/20170420/15050166542_207x90.gif_138_60.jpg,【美涂士漆Maydos】
室内涂料,油漆涂料,15,http://image2.cnpp.cn/upload/images/20170422/12442947636_207x90.gif_138_60.jpg,【经典漆Jady】
室内涂料,油漆涂料,16,http://image.cnpp.cn/upload/images/20160604/08523939906_207x90.gif_138_60.jpg,【Levis来威漆】
室内涂料,油漆涂料,17,http://image3.cnpp.cn/upload/images/20170627/15261189254_207x90.gif_138_60.jpg,【JOTUN佐敦】
室内涂料,油漆涂料,18,http://image2.cnpp.cn/upload/images/20170627/15261044646_207x90.gif_138_60.jpg,【大宝漆】
室内涂料,油漆涂料,19,http://image2.cnpp.cn/upload/images/20160913/17584133824_207x90.gif_138_60.jpg,【DAVCO德高】
室内涂料,油漆涂料,20,http://image4.cnpp.cn/upload/images/20170420/15094595680_207x90.gif_138_60.jpg,【雨虹YUHONG】
室内涂料,乳胶漆-墙漆,1,http://image.cnpp.cn/upload/images/20170420/15050027843_207x90.gif_138_60.jpg,【Dulux多乐士】
室内涂料,乳胶漆-墙漆,2,http://image2.cnpp.cn/upload/images/20150805/09130749769_207x90.gif_138_60.jpg,【Nippon立邦】
室内涂料,乳胶漆-墙漆,3,http://image3.cnpp.cn/upload/images/20170420/17073042975_207x90.gif_138_60.jpg,【沙漠绿洲漆Smoz】
室内涂料,乳胶漆-墙漆,4,http://image.cnpp.cn/upload/images/20170420/15050025044_207x90.gif_138_60.jpg,【华润漆】
室内涂料,乳胶漆-墙漆,5,http://image4.cnpp.cn/upload/images/20150805/09130842370_207x90.gif_138_60.jpg,【嘉宝莉漆Carpoly】
室内涂料,乳胶漆-墙漆,6,http://image4.cnpp.cn/upload/images/20170420/15094565257_207x90.gif_138_60.jpg,【PPG大师漆】
室内涂料,乳胶漆-墙漆,7,http://image4.cnpp.cn/upload/images/20160602/08570247486_207x90.gif_138_60.jpg,【Düfa都芳】
室内涂料,乳胶漆-墙漆,8,http://image.cnpp.cn/upload/images/20170420/15050184944_207x90.gif_138_60.jpg,【Tikkurila芬琳漆】
室内涂料,乳胶漆-墙漆,9,http://image.cnpp.cn/upload/images/20170420/15050063724_207x90.gif_138_60.jpg,【三棵树SKSHU】
室内涂料,乳胶漆-墙漆,10,http://image.cnpp.cn/upload/images/20160602/08570217533_207x90.gif_138_60.jpg,【紫荆花漆Bauhinia】
室内涂料,乳胶漆-墙漆,11,http://image.cnpp.cn/upload/images/20160604/08523939906_207x90.gif_138_60.jpg,【Levis来威漆】
室内涂料,乳胶漆-墙漆,12,http://image4.cnpp.cn/upload/images/20170322/17295853587_207x90.gif_138_60.jpg,【BADESE巴德士】
室内涂料,乳胶漆-墙漆,13,http://image2.cnpp.cn/upload/images/20170422/12442947636_207x90.gif_138_60.jpg,【经典漆Jady】
室内涂料,乳胶漆-墙漆,14,http://image4.cnpp.cn/upload/images/20170420/15050166542_207x90.gif_138_60.jpg,【美涂士漆Maydos】
室内涂料,乳胶漆-墙漆,15,http://image4.cnpp.cn/upload/images/20151211/18044370039_207x90.gif_138_60.jpg,【长颈鹿Giraffe】
室内涂料,乳胶漆-墙漆,16,http://image3.cnpp.cn/upload/images/20170420/15050173789_207x90.gif_138_60.jpg,【IVY长春藤】
室内涂料,乳胶漆-墙漆,17,http://image3.cnpp.cn/upload/images/20150119/10260884238_138x60.gif_138_60.jpg,【Flügger福乐阁】
室内涂料,乳胶漆-墙漆,18,http://image2.cnpp.cn/upload/images/20170627/15261044646_207x90.gif_138_60.jpg,【大宝漆】
室内涂料,乳胶漆-墙漆,19,http://image2.cnpp.cn/upload/images/20170422/12443230241_207x90.gif_138_60.jpg,【晨阳水漆CYSQ】
室内涂料,乳胶漆-墙漆,20,http://image2.cnpp.cn/upload/images/20170422/12444129064_207x90.jpg_138_60.jpg,【蓝天豚】
室内涂料,水性漆-环保漆,1,http://image4.cnpp.cn/upload/images/20160602/08570247486_207x90.gif_138_60.jpg,【Düfa都芳】
室内涂料,水性漆-环保漆,2,http://image.cnpp.cn/upload/images/20170420/15050027843_207x90.gif_138_60.jpg,【Dulux多乐士】
室内涂料,水性漆-环保漆,3,http://image4.cnpp.cn/upload/images/20160727/08584360410_207x90.gif_138_60.jpg,【SherwinWilliams宣伟】
室内涂料,水性漆-环保漆,4,http://image4.cnpp.cn/upload/images/20150805/09130842370_207x90.gif_138_60.jpg,【嘉宝莉漆Carpoly】
室内涂料,水性漆-环保漆,5,http://image.cnpp.cn/upload/images/20170420/15050025044_207x90.gif_138_60.jpg,【华润漆】
室内涂料,水性漆-环保漆,6,http://image3.cnpp.cn/upload/images/20170420/17073042975_207x90.gif_138_60.jpg,【沙漠绿洲漆Smoz】
室内涂料,水性漆-环保漆,7,http://image.cnpp.cn/upload/images/20160602/08570217533_207x90.gif_138_60.jpg,【紫荆花漆Bauhinia】
室内涂料,水性漆-环保漆,8,http://image4.cnpp.cn/upload/images/20170420/15094565257_207x90.gif_138_60.jpg,【PPG大师漆】
室内涂料,水性漆-环保漆,9,http://image.cnpp.cn/upload/images/20170323/15472659841_207x90.gif_138_60.jpg,【青藤树】
室内涂料,水性漆-环保漆,10,http://image2.cnpp.cn/upload/images/20150805/09130749769_207x90.gif_138_60.jpg,【Nippon立邦】
室内涂料,水性漆-环保漆,11,http://image.cnpp.cn/upload/images/20170420/15050184944_207x90.gif_138_60.jpg,【Tikkurila芬琳漆】
室内涂料,水性漆-环保漆,12,http://image.cnpp.cn/upload/images/20170420/15050063724_207x90.gif_138_60.jpg,【三棵树SKSHU】
室内涂料,水性漆-环保漆,13,http://image4.cnpp.cn/upload/images/20170322/17295853587_207x90.gif_138_60.jpg,【BADESE巴德士】
室内涂料,水性漆-环保漆,14,http://image2.cnpp.cn/upload/images/20170422/12443230241_207x90.gif_138_60.jpg,【晨阳水漆CYSQ】
室内涂料,水性漆-环保漆,15,http://image2.cnpp.cn/upload/images/20170420/20572575648_207x90.gif_138_60.jpg,【水性科天SCISKY】
室内涂料,水性漆-环保漆,16,http://image2.cnpp.cn/upload/images/20170422/12442947636_207x90.gif_138_60.jpg,【经典漆Jady】
室内涂料,水性漆-环保漆,17,http://image.cnpp.cn/upload/images/20160604/08523939906_207x90.gif_138_60.jpg,【Levis来威漆】
室内涂料,水性漆-环保漆,18,http://image3.cnpp.cn/upload/images/20170420/15050173789_207x90.gif_138_60.jpg,【IVY长春藤】
室内涂料,水性漆-环保漆,19,http://image.cnpp.cn/upload/images/20160819/11422994477_207x90.gif_138_60.jpg,【3A环保漆】
室内涂料,水性漆-环保漆,20,http://image4.cnpp.cn/upload/images/20170420/15050166542_207x90.gif_138_60.jpg,【美涂士漆Maydos】
室内涂料,木器漆-家具漆,1,http://image.cnpp.cn/upload/images/20170420/15050027843_207x90.gif_138_60.jpg,【Dulux多乐士】
室内涂料,木器漆-家具漆,2,http://image4.cnpp.cn/upload/images/20150805/09130842370_207x90.gif_138_60.jpg,【嘉宝莉漆Carpoly】
室内涂料,木器漆-家具漆,3,http://image.cnpp.cn/upload/images/20170420/15050025044_207x90.gif_138_60.jpg,【华润漆】
室内涂料,木器漆-家具漆,4,http://image3.cnpp.cn/upload/images/20170420/17073042975_207x90.gif_138_60.jpg,【沙漠绿洲漆Smoz】
室内涂料,木器漆-家具漆,5,http://image2.cnpp.cn/upload/images/20150805/09130749769_207x90.gif_138_60.jpg,【Nippon立邦】
室内涂料,木器漆-家具漆,6,http://image.cnpp.cn/upload/images/20170420/15050063724_207x90.gif_138_60.jpg,【三棵树SKSHU】
室内涂料,木器漆-家具漆,7,http://image.cnpp.cn/upload/images/20160602/08570217533_207x90.gif_138_60.jpg,【紫荆花漆Bauhinia】
室内涂料,木器漆-家具漆,8,http://image3.cnpp.cn/upload/images/20170420/15050173789_207x90.gif_138_60.jpg,【IVY长春藤】
室内涂料,木器漆-家具漆,9,http://image4.cnpp.cn/upload/images/20160602/08570247486_207x90.gif_138_60.jpg,【Düfa都芳】
室内涂料,木器漆-家具漆,10,http://image4.cnpp.cn/upload/images/20170420/15094565257_207x90.gif_138_60.jpg,【PPG大师漆】
室内涂料,木器漆-家具漆,11,http://image.cnpp.cn/upload/images/20160604/08523939906_207x90.gif_138_60.jpg,【Levis来威漆】
室内涂料,木器漆-家具漆,12,http://image2.cnpp.cn/upload/images/20170627/15261044646_207x90.gif_138_60.jpg,【大宝漆】
室内涂料,木器漆-家具漆,13,http://image.cnpp.cn/upload/images/20170420/15050184944_207x90.gif_138_60.jpg,【Tikkurila芬琳漆】
室内涂料,木器漆-家具漆,14,http://image2.cnpp.cn/upload/images/20170422/12442947636_207x90.gif_138_60.jpg,【经典漆Jady】
室内涂料,木器漆-家具漆,15,http://image4.cnpp.cn/upload/images/20151211/18044370039_207x90.gif_138_60.jpg,【长颈鹿Giraffe】
室内涂料,木器漆-家具漆,16,http://image4.cnpp.cn/upload/images/20170420/15050166542_207x90.gif_138_60.jpg,【美涂士漆Maydos】
室内涂料,木器漆-家具漆,17,http://image2.cnpp.cn/upload/images/20160408/11030049255_207x90.gif_138_60.jpg,【花王水漆】
室内涂料,木器漆-家具漆,18,http://image4.cnpp.cn/upload/images/20170322/17295853587_207x90.gif_138_60.jpg,【BADESE巴德士】
室内涂料,木器漆-家具漆,19,http://image2.cnpp.cn/upload/images/20150509/12005938594_207x90.gif_138_60.jpg,【CAMEL骆驼漆】
室内涂料,木器漆-家具漆,20,http://image.cnpp.cn/upload/images/20160819/11422994477_207x90.gif_138_60.jpg,【3A环保漆】
室内涂料,地板漆,1,http://image.cnpp.cn/upload/images/20170420/15050027843_207x90.gif_138_60.jpg,【Dulux多乐士】
室内涂料,地板漆,2,http://image3.cnpp.cn/upload/images/20170420/15050173789_207x90.gif_138_60.jpg,【IVY长春藤】
室内涂料,地板漆,3,http://image2.cnpp.cn/upload/images/20150805/09130749769_207x90.gif_138_60.jpg,【Nippon立邦】
室内涂料,地板漆,4,http://image.cnpp.cn/upload/images/20170420/15050025044_207x90.gif_138_60.jpg,【华润漆】
室内涂料,地板漆,5,http://image.cnpp.cn/upload/images/20160602/08570217533_207x90.gif_138_60.jpg,【紫荆花漆Bauhinia】
室内涂料,地板漆,6,http://image4.cnpp.cn/upload/images/20150805/09130842370_207x90.gif_138_60.jpg,【嘉宝莉漆Carpoly】
室内涂料,地板漆,7,http://image4.cnpp.cn/upload/images/20160727/08584360410_207x90.gif_138_60.jpg,【SherwinWilliams宣伟】
室内涂料,地板漆,8,http://image.cnpp.cn/upload/images/20160604/08523939906_207x90.gif_138_60.jpg,【Levis来威漆】
室内涂料,地板漆,9,http://image.cnpp.cn/upload/images/20170420/15050063724_207x90.gif_138_60.jpg,【三棵树SKSHU】
室内涂料,地板漆,10,http://image2.cnpp.cn/upload/images/20170627/15261044646_207x90.gif_138_60.jpg,【大宝漆】
室内涂料,地板漆,11,http://image2.cnpp.cn/upload/images/20170422/12443230241_207x90.gif_138_60.jpg,【晨阳水漆CYSQ】
室内涂料,地板漆,12,http://image2.cnpp.cn/upload/images/20160602/08570329855_207x90.gif_138_60.jpg,【湘江漆】
室内涂料,地板漆,13,http://image3.cnpp.cn/upload2/brand/20130907/165230_90581_logo1.jpg_138_60.jpg,【灯塔】
室内涂料,地板漆,14,http://image4.cnpp.cn/upload/images/20150410/09120232609_207x90.gif_138_60.jpg,【樱花Kurpaint】
室内涂料,地板漆,15,http://image.cnpp.cn/upload/images/20150623/18053581036_207x90.gif_138_60.jpg,【大桥GREATBRIDGE】
室内涂料,地板漆,16,http://image4.cnpp.cn/upload/images/20151211/18044370039_207x90.gif_138_60.jpg,【长颈鹿Giraffe】
室内涂料,地板漆,17,http://image4.cnpp.cn/upload/images/20150102/21515668370_138x60.gif_138_60.jpg,【永新YONGXIN】
室内涂料,地板漆,18,http://image.cnpp.cn/upload/images/20161103/18015462293_207x90.gif_138_60.jpg,【五羊油漆】
室内涂料,地板漆,19,http://image2.cnpp.cn/upload/images/20150805/09503093121_207x90.gif_138_60.jpg,【SKK】
室内涂料,地板漆,20,http://image3.cnpp.cn/upload/images/20170420/21010989032_207x90.gif_138_60.jpg,【凌风】
室内涂料,工程涂料,1,http://image.cnpp.cn/upload/images/20170420/15050027843_207x90.gif_138_60.jpg,【Dulux多乐士】
室内涂料,工程涂料,2,http://image2.cnpp.cn/upload/images/20150805/09130749769_207x90.gif_138_60.jpg,【Nippon立邦】
室内涂料,工程涂料,3,http://image3.cnpp.cn/upload/images/20170420/17073042975_207x90.gif_138_60.jpg,【沙漠绿洲漆Smoz】
室内涂料,工程涂料,4,http://image4.cnpp.cn/upload/images/20170420/15094565257_207x90.gif_138_60.jpg,【PPG大师漆】
室内涂料,工程涂料,5,http://image.cnpp.cn/upload/images/20170420/15050025044_207x90.gif_138_60.jpg,【华润漆】
室内涂料,工程涂料,6,http://image4.cnpp.cn/upload/images/20150805/09130842370_207x90.gif_138_60.jpg,【嘉宝莉漆Carpoly】
室内涂料,工程涂料,7,http://image4.cnpp.cn/upload/images/20160727/08584360410_207x90.gif_138_60.jpg,【SherwinWilliams宣伟】
室内涂料,工程涂料,8,http://image.cnpp.cn/upload/images/20170420/15050063724_207x90.gif_138_60.jpg,【三棵树SKSHU】
室内涂料,工程涂料,9,http://image.cnpp.cn/upload/images/20160602/08570217533_207x90.gif_138_60.jpg,【紫荆花漆Bauhinia】
室内涂料,工程涂料,10,http://image4.cnpp.cn/upload/images/20160602/08570247486_207x90.gif_138_60.jpg,【Düfa都芳】
室内涂料,工程涂料,11,http://image2.cnpp.cn/upload/images/20170627/15261044646_207x90.gif_138_60.jpg,【大宝漆】
室内涂料,工程涂料,12,http://image.cnpp.cn/upload/images/20170420/15050184944_207x90.gif_138_60.jpg,【Tikkurila芬琳漆】
室内涂料,工程涂料,13,http://image4.cnpp.cn/upload/images/20170420/15050166542_207x90.gif_138_60.jpg,【美涂士漆Maydos】
室内涂料,工程涂料,14,http://image4.cnpp.cn/upload/images/20170322/17295853587_207x90.gif_138_60.jpg,【BADESE巴德士】
室内涂料,工程涂料,15,http://image3.cnpp.cn/upload/images/20170420/15094586785_207x90.gif_138_60.jpg,【Seigneurle申纽丽】
室内涂料,工程涂料,16,http://image2.cnpp.cn/upload/images/20160706/18121417662_207x90.gif_138_60.jpg,【BASF巴斯夫】
室内涂料,工程涂料,17,http://image2.cnpp.cn/upload/images/20170422/12442947636_207x90.gif_138_60.jpg,【经典漆Jady】
室内涂料,工程涂料,18,http://image.cnpp.cn/upload/images/20160604/08523939906_207x90.gif_138_60.jpg,【Levis来威漆】
室内涂料,工程涂料,19,http://image4.cnpp.cn/upload/images/20160811/08420047252_207x90.gif_138_60.jpg,【Valspar威士伯】
室内涂料,工程涂料,20,http://image4.cnpp.cn/upload2/brand/20130326/154058_96364_logo1.jpg_138_60.jpg,【ALESCO阿丽斯科】
防水材料,防水涂料,1,http://image4.cnpp.cn/upload/images/20170420/15094595680_207x90.gif_138_60.jpg,【雨虹YUHONG】
防水材料,防水涂料,2,http://image.cnpp.cn/upload/images/20160923/17583426546_207x90.gif_138_60.jpg,【科顺CKS】
防水材料,防水涂料,3,http://image.cnpp.cn/upload/images/20160819/11423030871_207x90.gif_138_60.jpg,【卓宝】
防水材料,防水涂料,4,http://image4.cnpp.cn/upload/images/20160920/19205493293_207x90.gif_138_60.jpg,【Sika西卡】
防水材料,防水涂料,5,http://image2.cnpp.cn/upload/images/20160913/17584133824_207x90.gif_138_60.jpg,【DAVCO德高】
防水材料,防水涂料,6,http://image.cnpp.cn/upload/images/20151113/17330972595_207x90.gif_138_60.jpg,【禹王】
防水材料,防水涂料,7,http://image.cnpp.cn/upload/images/20150116/18140432651_138x60.gif_138_60.jpg,【大禹DAYU】
防水材料,防水涂料,8,http://image3.cnpp.cn/upload/images/20160123/16440397301_207x90.gif_138_60.jpg,【宏源】
防水材料,防水涂料,9,http://image2.cnpp.cn/upload/images/20170406/15142752637_207x90.gif_138_60.jpg,【基仕伯GCP】
防水材料,防水涂料,10,http://image2.cnpp.cn/upload/images/20160808/17464338600_207x90.gif_138_60.jpg,【德生】
防水材料,防水涂料,11,http://image3.cnpp.cn/upload/images/20160920/19205465269_207x90.gif_138_60.jpg,【MAPEI马贝】
防水材料,防水涂料,12,http://image4.cnpp.cn/upload/images/20150908/14353874768_207x90.gif_138_60.jpg,【Pattex百得】
防水材料,防水涂料,13,http://image2.cnpp.cn/upload/images/20160721/08521538626_207x90.gif_138_60.jpg,【盾之优DEC】
防水材料,防水涂料,14,http://image3.cnpp.cn/upload/images/20170422/12443499636_207x90.gif_138_60.jpg,【凯伦CANLON】
防水材料,防水涂料,15,http://image4.cnpp.cn/upload/images/20170420/21122572347_207x90.gif_138_60.jpg,【金雨伞】
防水材料,防水涂料,16,http://image2.cnpp.cn/upload/images/20161117/16521117010_207x90.gif_138_60.jpg,【蜀羊SY】
防水材料,防水涂料,17,http://image2.cnpp.cn/upload/images/20160913/17584182139_207x90.gif_138_60.jpg,【大明DYNAMIC】
防水材料,防水涂料,18,http://image3.cnpp.cn/upload2/brand/20130823/165859_57187_logo1.jpg_138_60.jpg,【汇源】
防水材料,防水涂料,19,http://image2.cnpp.cn/upload2/brand/20130507/145440_29001_logo1.jpg_138_60.jpg,【月星】
防水材料,防水涂料,20,http://image3.cnpp.cn/upload/images/20170208/09581437657_207x90.gif_138_60.jpg,【月皇】
集成吊顶,集成吊顶,1,http://image4.cnpp.cn/upload/images/20170420/15050084428_207x90.gif_138_60.jpg,【奥华OUR】
集成吊顶,集成吊顶,2,http://imagemg.cnpp.cn/upload/images/20160119/09345367065_207x90.gif_138_60.jpg,【友邦Mso】
集成吊顶,集成吊顶,3,http://imagemg.cnpp.cn/upload/images/20170112/10485072501_207x90.gif_138_60.jpg,【OULU欧陆】
集成吊顶,集成吊顶,4,http://image2.cnpp.cn/upload/images/20170521/10124372138_207x90.gif_138_60.jpg,【今顶Kind】
集成吊顶,集成吊顶,5,http://image3.cnpp.cn/upload/images/20170317/09082840814_207x90.gif_138_60.jpg,【顶善美Dsmile】
集成吊顶,集成吊顶,6,http://imagemg.cnpp.cn/upload/images/20161102/16404694795_207x90.gif_138_60.jpg,【名族全健康吊顶】
集成吊顶,集成吊顶,7,http://image3.cnpp.cn/upload/images/20170505/18090440957_207x90.gif_138_60.jpg,【爱尔菲IERFEEL】
集成吊顶,集成吊顶,8,http://image2.cnpp.cn/upload/images/20170420/15044711069_207x90.gif_138_60.jpg,【奥普AUPU】
集成吊顶,集成吊顶,9,http://image4.cnpp.cn/upload/images/20170606/16103954950_207x90.gif_138_60.jpg,【奇力吊顶QILI】
集成吊顶,集成吊顶,10,http://image2.cnpp.cn/upload/images/20160817/18090684924_207x90.gif_138_60.jpg,【法狮龙Fsilon】
空调,空调,1,http://image3.cnpp.cn/upload/images/20170420/20564626239_207x90.gif_138_60.jpg,【格力GREE】
空调,空调,2,http://image3.cnpp.cn/upload/images/20170420/15043898879_207x90.gif_138_60.jpg,【海尔Haier】
空调,空调,3,http://image3.cnpp.cn/upload/images/20170420/15043840814_207x90.gif_138_60.jpg,【美的Midea】
空调,空调,4,http://image.cnpp.cn/upload/images/20170420/15043715269_207x90.gif_138_60.jpg,【海信Hisense】
空调,空调,5,http://image2.cnpp.cn/upload/images/20150821/09290694994_207x90.gif_138_60.jpg,【志高CHIGO】
空调,空调,6,http://image4.cnpp.cn/upload/images/20170420/15044687279_207x90.gif_138_60.jpg,【DAIKIN大金】
空调,空调,7,http://imagemg.cnpp.cn/upload/images/20150801/17041544244_207x90.gif_138_60.jpg,【Panasonic松下】
空调,空调,8,http://image.cnpp.cn/upload/images/20170420/15044414884_207x90.gif_138_60.jpg,【科龙KELON】
空调,空调,9,http://image3.cnpp.cn/upload/images/20160928/17442832180_207x90.gif_138_60.jpg,【奥克斯AUX】
空调,空调,10,http://image3.cnpp.cn/upload/images/20170420/15044732215_207x90.gif_138_60.jpg,【Mitsubishi三菱】
空调,空调,11,http://image2.cnpp.cn/upload/images/20170420/21224998467_207x90.gif_138_60.jpg,【统帅Leader】
空调,空调,12,http://image3.cnpp.cn/upload/images/20170420/15045160407_207x90.gif_138_60.jpg,【Whirlpool惠而浦】
空调,空调,13,http://image2.cnpp.cn/upload/images/20170420/20564212508_207x90.gif_138_60.jpg,【长虹Changhong】
空调,空调,14,http://image4.cnpp.cn/upload/images/20160115/17425640800_207x90.gif_138_60.jpg,【TCL】
空调,空调,15,http://image3.cnpp.cn/upload/images/20161111/17262457379_207x90.gif_138_60.jpg,【扬子空调YAIR】
空调,空调,16,http://image4.cnpp.cn/upload/images/20160602/18003082081_207x90.gif_138_60.jpg,【YORK约克】
空调,空调,17,http://image.cnpp.cn/upload/images/20150121/17462078439_138x60.gif_138_60.jpg,【fujitsu富士通将军】
空调,空调,18,http://image4.cnpp.cn/upload/images/20170420/15044052229_207x90.gif_138_60.jpg,【澳柯玛AUCMA】
空调,空调,19,http://image2.cnpp.cn/upload/images/20170420/20564179427_207x90.gif_138_60.jpg,【SAMSUNG三星】
空调,空调,20,http://image3.cnpp.cn/upload/images/20170420/15043848028_207x90.gif_138_60.jpg,【格兰仕Galanz】
空调,冷暖系统/中央空调,1,http://image3.cnpp.cn/upload/images/20170420/20564626239_207x90.gif_138_60.jpg,【格力GREE】
空调,冷暖系统/中央空调,2,http://image3.cnpp.cn/upload/images/20170420/15043840814_207x90.gif_138_60.jpg,【美的Midea】
空调,冷暖系统/中央空调,3,http://image4.cnpp.cn/upload/images/20170420/15044687279_207x90.gif_138_60.jpg,【DAIKIN大金】
空调,冷暖系统/中央空调,4,http://image3.cnpp.cn/upload/images/20170420/15043898879_207x90.gif_138_60.jpg,【海尔Haier】
空调,冷暖系统/中央空调,5,http://image3.cnpp.cn/upload/images/20170420/15123721649_207x90.gif_138_60.jpg,【Hitachi日立】
空调,冷暖系统/中央空调,6,http://image4.cnpp.cn/upload/images/20160602/18003082081_207x90.gif_138_60.jpg,【YORK约克】
空调,冷暖系统/中央空调,7,http://image2.cnpp.cn/upload/images/20170626/09111385379_207x90.gif_138_60.jpg,【Carrier开利】
空调,冷暖系统/中央空调,8,http://image4.cnpp.cn/upload/images/20160602/18003051400_207x90.gif_138_60.jpg,【TRANE特灵】
空调,冷暖系统/中央空调,9,http://image4.cnpp.cn/upload/images/20160928/17442825432_207x90.gif_138_60.jpg,【McQuay麦克维尔】
空调,冷暖系统/中央空调,10,http://image2.cnpp.cn/upload/images/20170420/20565577983_207x90.gif_138_60.jpg,【远大空调】
空调,冷暖系统/中央空调,11,http://image3.cnpp.cn/upload/images/20170420/15044732215_207x90.gif_138_60.jpg,【Mitsubishi三菱】
空调,冷暖系统/中央空调,12,http://image3.cnpp.cn/upload/images/20151014/08393432276_207x90.gif_138_60.jpg,【Toshiba东芝空调】
空调,冷暖系统/中央空调,13,http://imagemg.cnpp.cn/upload/images/20150801/17041544244_207x90.gif_138_60.jpg,【Panasonic松下】
空调,冷暖系统/中央空调,14,http://image.cnpp.cn/upload/images/20150121/17462078439_138x60.gif_138_60.jpg,【fujitsu富士通将军】
空调,冷暖系统/中央空调,15,http://image2.cnpp.cn/upload/images/20150821/09290694994_207x90.gif_138_60.jpg,【志高CHIGO】
空调,冷暖系统/中央空调,16,http://image.cnpp.cn/upload/images/20170420/15043715269_207x90.gif_138_60.jpg,【海信Hisense】
空调,冷暖系统/中央空调,17,http://image4.cnpp.cn/upload/images/20150121/17462040709_138x60.gif_138_60.jpg,【欧科EUROKLIMAT】
空调,冷暖系统/中央空调,18,http://image3.cnpp.cn/upload/images/20160928/17442832180_207x90.gif_138_60.jpg,【奥克斯AUX】
空调,冷暖系统/中央空调,19,http://image4.cnpp.cn/upload/images/20170420/21114528964_207x90.gif_138_60.jpg,【天加TICA】
空调,冷暖系统/中央空调,20,http://image4.cnpp.cn/upload/images/20160429/16041735102_207x90.gif_138_60.jpg,【盾安中央空调DunAn】
垃圾处理器,垃圾处理器,1,http://image4.cnpp.cn/upload/images/20170220/18030549740_207x90.gif_138_60.jpg,【ISE爱适易】
垃圾处理器,垃圾处理器,2,http://image4.cnpp.cn/upload/images/20160914/17585380364_207x90.gif_138_60.jpg,【Gladore格莱达】
垃圾处理器,垃圾处理器,3,http://image3.cnpp.cn/upload/images/20170420/15043840814_207x90.gif_138_60.jpg,【美的Midea】
垃圾处理器,垃圾处理器,4,http://image3.cnpp.cn/upload/images/20170420/15043898879_207x90.gif_138_60.jpg,【海尔Haier】
垃圾处理器,垃圾处理器,5,http://image3.cnpp.cn/upload/images/20170220/18030551826_207x90.gif_138_60.jpg,【贝克巴斯BECBAS】
垃圾处理器,垃圾处理器,6,http://image3.cnpp.cn/upload/images/20161017/18011136833_207x90.gif_138_60.jpg,【勃汉姆Bone-Hammer】
垃圾处理器,垃圾处理器,7,http://imagemg.cnpp.cn/upload/images/20170207/17303560384_207x90.gif_138_60.jpg,【WASTEMAID唯斯特姆】
垃圾处理器,垃圾处理器,8,http://image2.cnpp.cn/upload/images/20160719/20303035217_207x90.gif_138_60.jpg,【登尚DengShang】
垃圾处理器,垃圾处理器,9,http://image4.cnpp.cn/upload2/brand/20140106/091408_3847.jpg_138_60.jpg,【大胃王DEVOURER】
垃圾处理器,垃圾处理器,10,http://image4.cnpp.cn/upload/images/20170420/20570277807_207x90.gif_138_60.jpg,【Franke弗兰卡】
垃圾处理器,垃圾处理器,11,http://image3.cnpp.cn/upload/images/20160423/19295088022_207x90.gif_138_60.jpg,【欧琳oulin】
垃圾处理器,垃圾处理器,12,http://image3.cnpp.cn/upload/images/20150604/10580020022_207x90.gif_138_60.jpg,【振兴Zenxin】
垃圾处理器,垃圾处理器,13,http://imagemg.cnpp.cn/upload2/brand/20120912/214532_38249_logo1.jpg_138_60.jpg,【万帝Onedear】
垃圾处理器,垃圾处理器,14,http://image4.cnpp.cn/upload/images/20160914/17585386552_207x90.gif_138_60.jpg,【勒仕LeShi】
垃圾处理器,垃圾处理器,15,http://image3.cnpp.cn/upload2/brand/20120913/103250_55989_logo1.jpg_138_60.jpg,【九次方】
垃圾处理器,垃圾处理器,16,http://image.cnpp.cn/upload2/brand/20130704/111547_19739_logo1.jpg_138_60.jpg,【Loutlos劳伦士】
垃圾处理器,垃圾处理器,17,http://image4.cnpp.cn/upload/images/20161229/18002950177_207x90.gif_138_60.jpg,【厨卫宝Chcpu】
垃圾处理器,垃圾处理器,18,http://image2.cnpp.cn/upload/images/20160330/10565057636_207x90.gif_138_60.jpg,【科王】
垃圾处理器,垃圾处理器,19,http://image.cnpp.cn/upload/images/20160108/20352298145_207x90.gif_138_60.jpg,【亚太能源】
垃圾处理器,垃圾处理器,20,http://image2.cnpp.cn/upload/images/20150528/18055913154_207x90.gif_138_60.jpg,【劲旅】
壁挂炉,壁挂炉,1,http://image.cnpp.cn/upload/images/20170420/15044998183_207x90.gif_138_60.jpg,【Vaillant威能】
壁挂炉,壁挂炉,2,http://image3.cnpp.cn/upload/images/20170420/15044928327_207x90.gif_138_60.jpg,【小松鼠Squirrel】
壁挂炉,壁挂炉,3,http://image4.cnpp.cn/upload/images/20160923/17583394455_207x90.gif_138_60.jpg,【BOSCH博世热力】
壁挂炉,壁挂炉,4,http://image.cnpp.cn/upload/images/20170420/15044948845_207x90.gif_138_60.jpg,【万和Vanward】
壁挂炉,壁挂炉,5,http://image4.cnpp.cn/upload/images/20170626/09112260263_207x90.gif_138_60.jpg,【BAXI八喜】
壁挂炉,壁挂炉,6,http://image2.cnpp.cn/upload/images/20170420/15044990614_207x90.gif_138_60.jpg,【ARISTON阿里斯顿】
壁挂炉,壁挂炉,7,http://image4.cnpp.cn/upload/images/20160923/17583171805_207x90.gif_138_60.jpg,【Immergas依玛】
壁挂炉,壁挂炉,8,http://image4.cnpp.cn/upload2/brand/20121022/121856_89753_logo1.jpg_138_60.jpg,【viessmann菲斯曼】
壁挂炉,壁挂炉,9,http://image2.cnpp.cn/upload/images/20170420/15044946157_207x90.gif_138_60.jpg,【Ferroli法罗力】
壁挂炉,壁挂炉,10,http://image4.cnpp.cn/upload/images/20160604/08523928877_207x90.gif_138_60.jpg,【BERETTA贝雷塔】
壁挂炉,壁挂炉,11,http://image2.cnpp.cn/upload/images/20170420/21063823836_207x90.gif_138_60.jpg,【万家乐】
壁挂炉,壁挂炉,12,http://image2.cnpp.cn/upload/images/20170420/20565916750_207x90.gif_138_60.jpg,【前锋CHIFFO】
壁挂炉,壁挂炉,13,http://image.cnpp.cn/upload/images/20170420/15044969943_207x90.gif_138_60.jpg,【Rinnai林内】
壁挂炉,壁挂炉,14,http://image.cnpp.cn/upload/images/20170420/20570057989_207x90.gif_138_60.jpg,【创尔特Chant】
壁挂炉,壁挂炉,15,http://image.cnpp.cn/upload/images/20160923/17583492746_207x90.gif_138_60.jpg,【冈底斯】
壁挂炉,壁挂炉,16,http://image3.cnpp.cn/upload/images/20170420/15043898879_207x90.gif_138_60.jpg,【海尔Haier】
壁挂炉,壁挂炉,17,http://image4.cnpp.cn/upload/images/20170420/15044877986_207x90.gif_138_60.jpg,【A.O.史密斯】
壁挂炉,壁挂炉,18,http://image3.cnpp.cn/upload/images/20170420/15044946348_207x90.gif_138_60.jpg,【NORITZ能率】
壁挂炉,壁挂炉,19,http://image.cnpp.cn/upload/images/20170420/20570181744_207x90.gif_138_60.jpg,【海顿haydn】
壁挂炉,壁挂炉,20,http://image3.cnpp.cn/upload/images/20160718/17181389948_207x90.gif_138_60.jpg,【NAVIEN庆东纳碧安】
瓷砖,瓷砖/地板砖,1,http://image3.cnpp.cn/upload/images/20170420/15044366425_207x90.gif_138_60.jpg,【东鹏瓷砖DONGPENG】
瓷砖,瓷砖/地板砖,2,http://image3.cnpp.cn/upload/images/20170420/15045231737_207x90.gif_138_60.jpg,【马可波罗Marcopolo】
瓷砖,瓷砖/地板砖,3,http://image2.cnpp.cn/upload/images/20170420/15045133449_207x90.gif_138_60.jpg,【冠珠GUANZHU】
瓷砖,瓷砖/地板砖,4,http://image.cnpp.cn/upload/images/20170420/20570642668_207x90.gif_138_60.jpg,【蒙娜丽莎瓷砖】
瓷砖,瓷砖/地板砖,5,http://image4.cnpp.cn/upload/images/20170420/20570622718_207x90.gif_138_60.jpg,【诺贝尔瓷砖NABEL】
瓷砖,瓷砖/地板砖,6,http://imagemg.cnpp.cn/upload/images/20161130/16004087940_207x90.gif_138_60.jpg,【惠达磁砖HUIDA】
瓷砖,瓷砖/地板砖,7,http://image4.cnpp.cn/upload/images/20170420/15045184108_207x90.gif_138_60.jpg,【新中源陶瓷】
瓷砖,瓷砖/地板砖,8,http://image.cnpp.cn/upload/images/20160817/18084542734_207x90.gif_138_60.jpg,【斯米克CIMIC】
瓷砖,瓷砖/地板砖,9,http://image3.cnpp.cn/upload/images/20170420/15045239643_207x90.gif_138_60.jpg,【鹰牌陶瓷EAGLE】
瓷砖,瓷砖/地板砖,10,http://image4.cnpp.cn/upload/images/20170420/15045274262_207x90.gif_138_60.jpg,【欧神诺OCEANO】
瓷砖,瓷砖/地板砖,11,http://image4.cnpp.cn/upload/images/20160817/18084250612_207x90.gif_138_60.jpg,【冠军磁砖】
瓷砖,瓷砖/地板砖,12,http://image3.cnpp.cn/upload/images/20170420/15045285501_207x90.gif_138_60.jpg,【宏宇HONGYU】
瓷砖,瓷砖/地板砖,13,http://image.cnpp.cn/upload/images/20160811/08413063961_207x90.gif_138_60.jpg,【萨米特SUMMIT】
瓷砖,瓷砖/地板砖,14,http://image3.cnpp.cn/upload/images/20160817/18084169807_207x90.gif_138_60.jpg,【金舵瓷砖JINDUO】
瓷砖,瓷砖/地板砖,15,http://image.cnpp.cn/upload/images/20160819/17520862940_207x90.gif_138_60.jpg,【金意陶KITO】
瓷砖,瓷砖/地板砖,16,http://image2.cnpp.cn/upload/images/20160811/08414036739_207x90.gif_138_60.jpg,【博德BODE】
瓷砖,瓷砖/地板砖,17,http://image2.cnpp.cn/upload/images/20160811/08413465417_207x90.gif_138_60.jpg,【亚细亚asatiles】
瓷砖,瓷砖/地板砖,18,http://image2.cnpp.cn/upload/images/20160811/08413283719_207x90.gif_138_60.jpg,【顺辉SH】
瓷砖,瓷砖/地板砖,19,http://image.cnpp.cn/upload/images/20160727/17591566496_207x90.gif_138_60.jpg,【能强GRIFINE】
瓷砖,瓷砖/地板砖,20,http://image3.cnpp.cn/upload/images/20160811/08415426303_207x90.gif_138_60.jpg,【嘉俊JIAJUN】
开关面板,开关插座,1,http://image3.cnpp.cn/upload/images/20170420/15050360712_207x90.gif_138_60.jpg,【Legrand罗格朗】
开关面板,开关插座,2,http://image.cnpp.cn/upload/images/20151105/17253560990_207x90.gif_138_60.jpg,【Schneider施耐德】
开关面板,开关插座,3,http://image3.cnpp.cn/upload/images/20170420/15094921523_207x90.gif_138_60.jpg,【公牛BULL】
开关面板,开关插座,4,http://image3.cnpp.cn/upload/images/20170420/15122315879_207x90.gif_138_60.jpg,【德力西DELIXI】
开关面板,开关插座,5,http://imagemg.cnpp.cn/upload/images/20160229/10244928045_207x90.gif_138_60.jpg,【家的Gamder】
开关面板,开关插座,6,http://image4.cnpp.cn/upload/images/20170420/15043965020_207x90.gif_138_60.jpg,【SIEMENS西门子】
开关面板,开关插座,7,http://imagemg.cnpp.cn/upload/images/20150410/17513549669_207x90.gif_138_60.jpg,【格兰GELAN】
开关面板,开关插座,8,http://image2.cnpp.cn/upload/images/20150411/16421931816_207x90.gif_138_60.jpg,【正泰电工】
开关面板,开关插座,9,http://image4.cnpp.cn/upload/images/20170420/15100752672_207x90.gif_138_60.jpg,【龙胜电气LS】
开关面板,开关插座,10,http://image3.cnpp.cn/upload/images/20170420/15044712297_207x90.gif_138_60.jpg,【飞雕Feidiao】
开关面板,开关插座,11,http://image.cnpp.cn/upload/images/20170420/15050679339_207x90.gif_138_60.jpg,【欧普照明OPPLE】
开关面板,开关插座,12,http://image3.cnpp.cn/upload/images/20160521/16010243363_207x90.gif_138_60.jpg,【雅点联体开关】
开关面板,开关插座,13,http://image4.cnpp.cn/upload/images/20151105/17253582212_207x90.gif_138_60.jpg,【ABB】
开关面板,开关插座,14,http://image2.cnpp.cn/upload/images/20170420/15050357086_207x90.gif_138_60.jpg,【Simon西蒙】
开关面板,开关插座,15,http://image2.cnpp.cn/upload/images/20151105/17253469299_207x90.gif_138_60.jpg,【鸿雁HONYAR】
开关面板,开关插座,16,http://image3.cnpp.cn/upload/images/20170420/15043729941_207x90.gif_138_60.jpg,【PHILIPS飞利浦】
开关面板,开关插座,17,http://imagemg.cnpp.cn/upload/images/20150801/17041544244_207x90.gif_138_60.jpg,【Panasonic松下】
开关面板,开关插座,18,http://image3.cnpp.cn/upload/images/20170420/21043558688_207x90.gif_138_60.jpg,【朗能电工LONON】
开关面板,开关插座,19,http://image3.cnpp.cn/upload/images/20170420/21104157594_207x90.gif_138_60.jpg,【福田FUTINA】
开关面板,开关插座,20,http://image4.cnpp.cn/upload/images/20151105/17253793297_207x90.gif_138_60.jpg,【泰力TAILI】
室内灯饰,灯饰/复古灯,1,http://image3.cnpp.cn/upload/images/20170420/15050725608_207x90.gif_138_60.jpg,【华艺灯饰照明】
室内灯饰,灯饰/复古灯,2,http://image.cnpp.cn/upload/images/20170420/15050679339_207x90.gif_138_60.jpg,【欧普照明OPPLE】
室内灯饰,灯饰/复古灯,3,http://image2.cnpp.cn/upload/images/20170629/18033163068_207x90.gif_138_60.jpg,【奥朵AOZZO】
室内灯饰,灯饰/复古灯,4,http://image.cnpp.cn/upload/images/20170627/15261425031_207x90.gif_138_60.jpg,【胜球SENQIU】
室内灯饰,灯饰/复古灯,5,http://image2.cnpp.cn/upload/images/20151219/17181595428_207x90.gif_138_60.jpg,【维沙华Riserva】
室内灯饰,灯饰/复古灯,6,http://image3.cnpp.cn/upload/images/20170627/15261461964_207x90.gif_138_60.jpg,【宝辉DL】
室内灯饰,灯饰/复古灯,7,http://image.cnpp.cn/upload/images/20170420/15050775511_207x90.gif_138_60.jpg,【雷士NVC】
室内灯饰,灯饰/复古灯,8,http://image4.cnpp.cn/upload/images/20160419/09122265099_207x90.gif_138_60.jpg,【开元KAIYAN】
室内灯饰,灯饰/复古灯,9,http://image.cnpp.cn/upload2/brand/20130815/144118_20134_logo1.jpg_138_60.jpg,【文联灯饰】
室内灯饰,灯饰/复古灯,10,http://image2.cnpp.cn/upload/images/20160419/09122297619_207x90.gif_138_60.jpg,【新特丽COMELY】
室内灯饰,灯饰/复古灯,11,http://imagemg.cnpp.cn/upload/images/20151219/17181696195_207x90.gif_138_60.jpg,【金达Kamtat】
室内灯饰,灯饰/复古灯,12,http://imagemg.cnpp.cn/upload/images/20160920/18044375813_207x90.gif_138_60.jpg,【WENTON文行】
室内灯饰,灯饰/复古灯,13,http://imagemg.cnpp.cn/upload2/brand/20120528/155414_25623_logo1.jpg_138_60.jpg,【琪朗Kinglong】
室内灯饰,灯饰/复古灯,14,http://image4.cnpp.cn/upload/images/20160129/17465434926_207x90.gif_138_60.jpg,【梵尔赛VERSAILLES】
室内灯饰,灯饰/复古灯,15,http://image4.cnpp.cn/upload/images/20161202/10474929275_207x90.gif_138_60.jpg,【鹰皇灯饰】
室内灯饰,灯饰/复古灯,16,http://imagemg.cnpp.cn/upload/images/20160519/09012945672_207x90.gif_138_60.jpg,【百得诗特】
室内灯饰,灯饰/复古灯,17,http://image.cnpp.cn/upload/images/20160109/18041780801_207x90.gif_138_60.jpg,【鸿联灯饰】
室内灯饰,灯饰/复古灯,18,http://image4.cnpp.cn/upload2/brand/20130819/135511_39817_logo1.jpg_138_60.jpg,【奥拓ATTA】
室内灯饰,灯饰/复古灯,19,http://image2.cnpp.cn/upload/images/20160526/17555686181_207x90.gif_138_60.jpg,【冠雅GUANYA】
室内灯饰,灯饰/复古灯,20,http://image2.cnpp.cn/upload2/brand/20140106/091145_5560.jpg_138_60.jpg,【阳光照明YANKON】
可视对讲,对讲系统可视门铃,1,http://image.cnpp.cn/upload/images/20150423/18100662317_138x60.gif_138_60.jpg,【视得安Shidean】
可视对讲,对讲系统可视门铃,2,http://image2.cnpp.cn/upload/images/20160419/09122154897_207x90.gif_138_60.jpg,【安居宝ANJUBAO】
可视对讲,对讲系统可视门铃,3,http://image3.cnpp.cn/upload/images/20170630/18051190187_207x90.gif_138_60.jpg,【慧锐通WRT】
可视对讲,对讲系统可视门铃,4,http://image2.cnpp.cn/upload/images/20150116/09381198159_138x60.gif_138_60.jpg,【冠林AURINE】
可视对讲,对讲系统可视门铃,5,http://image4.cnpp.cn/upload/images/20150514/17175258341_138x60.gif_138_60.jpg,【柔乐RL】
可视对讲,对讲系统可视门铃,6,http://imagemg.cnpp.cn/upload2/brand/20130822/180501_97052_logo1.jpg_138_60.jpg,【弗曼科斯FERMAX】
可视对讲,对讲系统可视门铃,7,http://image2.cnpp.cn/upload/images/20160715/09053387256_207x90.gif_138_60.jpg,【狄耐克DNAKE】
可视对讲,对讲系统可视门铃,8,http://image4.cnpp.cn/upload/images/20160411/17541718205_207x90.gif_138_60.jpg,【佳乐Jiale】
可视对讲,对讲系统可视门铃,9,http://image4.cnpp.cn/upload/images/20160411/17541713477_207x90.gif_138_60.jpg,【泛达FARBELL】
可视对讲,对讲系统可视门铃,10,http://image.cnpp.cn/upload/images/20150514/17173688582_207x90.gif_138_60.jpg,【立林LEELEN】
可视对讲,对讲系统可视门铃,11,http://imagemg.cnpp.cn/upload/images/20150507/14443174371_207x90.gif_138_60.jpg,【振威Genway】
可视对讲,对讲系统可视门铃,12,http://imagemg.cnpp.cn/upload/images/20160818/08565535697_207x90.gif_138_60.jpg,【霍尼韦尔安防Honeywell】
可视对讲,对讲系统可视门铃,13,http://image2.cnpp.cn/upload/images/20170420/20573815224_207x90.gif_138_60.jpg,【麦驰MiCHOI】
可视对讲,对讲系统可视门铃,14,http://image2.cnpp.cn/upload/images/20170420/21043012797_207x90.gif_138_60.jpg,【金积嘉JEJA】
可视对讲,对讲系统可视门铃,15,http://image4.cnpp.cn/upload/images/20160818/08565091707_207x90.gif_138_60.jpg,【柯帝KOTI】
可视对讲,对讲系统可视门铃,16,http://image3.cnpp.cn/upload2/brand/20131118/100618_7380.jpg_138_60.jpg,【大华DAHUA】
可视对讲,对讲系统可视门铃,17,http://image3.cnpp.cn/upload/images/20170420/15050360712_207x90.gif_138_60.jpg,【Legrand罗格朗】
可视对讲,对讲系统可视门铃,18,http://image.cnpp.cn/upload/images/20160318/09123753626_207x90.gif_138_60.jpg,【赋安Forsafe】
可视对讲,对讲系统可视门铃,19,http://image.cnpp.cn/upload/images/20160706/08524153968_138x60.gif_138_60.jpg,【松本智能】
可视对讲,对讲系统可视门铃,20,http://image4.cnpp.cn/upload/images/20161215/18094210893_207x90.gif_138_60.jpg,【松佳SONJA】
室内墙纸,壁纸墙纸,1,http://image.cnpp.cn/upload/images/20151029/11055512331_207x90.gif_138_60.jpg,【玉兰YULAN】
室内墙纸,壁纸墙纸,2,http://image4.cnpp.cn/upload/images/20170420/15050076358_207x90.gif_138_60.jpg,【欧雅EUROART】
室内墙纸,壁纸墙纸,3,http://image.cnpp.cn/upload/images/20170627/15260898388_207x90.gif_138_60.jpg,【瑞宝Rainbow】
室内墙纸,壁纸墙纸,4,http://image2.cnpp.cn/upload/images/20170627/15260982201_207x90.gif_138_60.jpg,【BREWSTER布鲁斯特】
室内墙纸,壁纸墙纸,5,http://image2.cnpp.cn/upload/images/20151106/15582210304_207x90.gif_138_60.jpg,【柔然ROEN】
室内墙纸,壁纸墙纸,6,http://image3.cnpp.cn/upload/images/20170420/15050026643_207x90.gif_138_60.jpg,【特普丽TOPLI】
室内墙纸,壁纸墙纸,7,http://image.cnpp.cn/upload2/brand/20130830/111112_42853_logo1.jpg_138_60.jpg,【爱舍Artshow】
室内墙纸,壁纸墙纸,8,http://image4.cnpp.cn/upload/images/20170420/15050095145_207x90.gif_138_60.jpg,【格莱美Glamor】
室内墙纸,壁纸墙纸,9,http://image3.cnpp.cn/upload/images/20160413/18033116969_207x90.gif_138_60.jpg,【欣旺UNIWAL】
室内墙纸,壁纸墙纸,10,http://image4.cnpp.cn/upload/images/20170420/15100512422_207x90.gif_138_60.jpg,【北台壁纸Beitai】
室内墙纸,壁纸墙纸,11,http://image3.cnpp.cn/upload/images/20170420/21163873452_207x90.gif_138_60.jpg,【AS艾仕】
室内墙纸,壁纸墙纸,12,http://image3.cnpp.cn/upload/images/20160413/18033158150_207x90.gif_138_60.jpg,【天丽】
室内墙纸,壁纸墙纸,13,http://image3.cnpp.cn/upload/images/20170420/20572472876_207x90.gif_138_60.jpg,【沃莱菲WALLIFE】
室内墙纸,壁纸墙纸,14,http://image2.cnpp.cn/upload2/brand/20140627/155029_1367_logo1.gif_138_60.jpg,【科翔壁纸COSHARE】
室内墙纸,壁纸墙纸,15,http://image.cnpp.cn/upload/images/20161006/11400995442_207x90.gif_138_60.jpg,【沐蕾拉·帝思】
室内墙纸,壁纸墙纸,16,http://image3.cnpp.cn/upload/images/20170420/21060726543_207x90.gif_138_60.jpg,【壁高Geko】
室内墙纸,壁纸墙纸,17,http://image4.cnpp.cn/upload/images/20150120/17584827519_138x60.gif_138_60.jpg,【Marburg玛堡】
室内墙纸,壁纸墙纸,18,http://image.cnpp.cn/upload/images/20150728/09054720547_207x90.gif_138_60.jpg,【圣莉雅】
室内墙纸,壁纸墙纸,19,http://image2.cnpp.cn/upload/images/20170420/21130128739_207x90.gif_138_60.jpg,【纸尚美学】
室内墙纸,壁纸墙纸,20,http://image3.cnpp.cn/upload/images/20170420/21082452500_207x90.gif_138_60.jpg,【雅琪诺YAKINO】
智能家居,智能家居,1,http://image.cnpp.cn/upload/images/20160419/09122182523_207x90.gif_138_60.jpg,【海尔U-home】
智能家居,智能家居,2,http://image.cnpp.cn/upload/images/20151208/15370822580_207x90.gif_138_60.jpg,【京东微联】
智能家居,智能家居,3,http://image3.cnpp.cn/upload/images/20170420/21002092924_207x90.gif_138_60.jpg,【华为HUAWEI】
智能家居,智能家居,4,http://imagemg.cnpp.cn/upload/images/20151217/10284828280_207x90.gif_138_60.jpg,【阿里巴巴】
智能家居,智能家居,5,http://imagemg.cnpp.cn/upload/images/20160808/17464485360_207x90.gif_138_60.jpg,【米家MIJIA】
智能家居,智能家居,6,http://imagemg.cnpp.cn/upload/images/20151224/09065315373_207x90.gif_138_60.jpg,【美的M-Smart】
智能家居,智能家居,7,http://image.cnpp.cn/upload/images/20150417/13400969415_207x90.gif_138_60.jpg,【杜亚DOOYA】
智能家居,智能家居,8,http://imagemg.cnpp.cn/upload/images/20150514/17175636317_207x90.gif_138_60.jpg,【河东HDL】
智能家居,智能家居,9,http://image4.cnpp.cn/upload/images/20160818/08565091707_207x90.gif_138_60.jpg,【柯帝KOTI】
智能家居,智能家居,10,http://image.cnpp.cn/upload/images/20170420/21130043643_207x90.gif_138_60.jpg,【乐视Letv】
净水器,净水器,11,http://image3.cnpp.cn/upload/images/20170420/15043971688_207x90.gif_138_60.jpg,【九阳Joyoung】
净水器,净水器,12,http://image.cnpp.cn/upload/images/20170422/12443528652_207x90.gif_138_60.jpg,【法兰尼FLN】
净水器,净水器,13,http://image3.cnpp.cn/upload/images/20170420/15043729941_207x90.gif_138_60.jpg,【PHILIPS飞利浦】
净水器,净水器,14,http://imagemg.cnpp.cn/upload/images/20160808/17464235594_207x90.gif_138_60.jpg,【汉斯顿Hunsdon】
净水器,净水器,15,http://imagemg.cnpp.cn/upload/images/20161005/11292484754_207x90.gif_138_60.jpg,【爱华普AIHUAPU】
净水器,净水器,16,http://imagemg.cnpp.cn/upload/images/20161008/16120134404_207x90.gif_138_60.jpg,【清山泉】
净水器,净水器,17,http://image4.cnpp.cn/upload/images/20170413/09110816768_207x90.gif_138_60.jpg,【家乐事Calux】
净水器,净水器,18,http://imagemg.cnpp.cn/upload/images/20160308/13302817555_207x90.gif_138_60.jpg,【万泉达】
净水器,净水器,19,http://image4.cnpp.cn/upload/images/20170523/15491742863_207x90.gif_138_60.jpg,【深水海纳Hynar】
净水器,净水器,20,http://imagemg.cnpp.cn/upload/images/20160419/09165780533_207x90.gif_138_60.jpg,【华尔康HERCON】
收纳系统,衣柜,1,http://image4.cnpp.cn/upload/images/20170422/16273145112_207x90.gif_138_60.jpg,【KEFAN科凡】
收纳系统,衣柜,2,http://image4.cnpp.cn/upload/images/20170511/11141669158_207x90.gif_138_60.jpg,【SOGAL索菲亚】
收纳系统,衣柜,3,http://image4.cnpp.cn/upload/images/20170626/09122549430_207x90.gif_138_60.jpg,【尚品宅配】
收纳系统,衣柜,4,http://image3.cnpp.cn/upload/images/20170420/15045154285_207x90.gif_138_60.jpg,【欧派OPPEIN】
收纳系统,衣柜,5,http://image.cnpp.cn/upload/images/20160706/18181763585_207x90.gif_138_60.jpg,【诗尼曼Snimay】
收纳系统,衣柜,6,http://imagemg.cnpp.cn/upload/images/20150410/09120211710_207x90.gif_138_60.jpg,【拉迷LaMi】
收纳系统,衣柜,7,http://image2.cnpp.cn/upload/images/20170420/15045956113_207x90.gif_138_60.jpg,【梵帝尼Fanstivali】
收纳系统,衣柜,8,http://image.cnpp.cn/upload/images/20170420/15045834749_207x90.gif_138_60.jpg,【维意Wayes】
收纳系统,衣柜,9,http://imagemg.cnpp.cn/upload/images/20161105/14010362709_207x90.gif_138_60.jpg,【玛格MACIO】
收纳系统,衣柜,10,http://image2.cnpp.cn/upload/images/20170420/15045851369_207x90.gif_138_60.jpg,【好莱客Holike】
收纳系统,衣柜,11,http://image4.cnpp.cn/upload/images/20170227/11221166807_207x90.gif_138_60.jpg,【卡诺亚Knoya】
收纳系统,衣柜,12,http://imagemg.cnpp.cn/upload/images/20160512/11390370825_207x90.gif_138_60.jpg,【德维尔】
收纳系统,衣柜,13,http://image.cnpp.cn/upload/images/20170426/11021672116_207x90.gif_138_60.jpg,【韩丽家居HANEX】
收纳系统,衣柜,14,http://image2.cnpp.cn/upload/images/20160707/11573337502_207x90.gif_138_60.jpg,【伊百丽EBERY】
收纳系统,衣柜,15,http://image2.cnpp.cn/upload/images/20170420/15124596389_207x90.gif_138_60.jpg,【佰怡家behome】
收纳系统,衣柜,16,http://image3.cnpp.cn/upload/images/20170420/20573053114_207x90.gif_138_60.jpg,【劳卡ROCO】
收纳系统,衣柜,17,http://image.cnpp.cn/upload2/brand/20121119/112322_12000_logo1.jpg_138_60.jpg,【百得胜Paterson】
收纳系统,衣柜,18,http://image2.cnpp.cn/upload/images/20170420/20565849021_207x90.gif_138_60.jpg,【顶固Topstrong】
收纳系统,衣柜,19,http://image.cnpp.cn/upload/images/20170320/18093398423_207x90.gif_138_60.jpg,【柯拉尼Kolani】
收纳系统,衣柜,20,http://image2.cnpp.cn/upload/images/20170420/20572135865_207x90.gif_138_60.jpg,【科宝·博洛尼Boloni】
门窗型材,门/锁/窗/楼梯,1,http://image4.cnpp.cn/upload/images/20170420/15045023494_207x90.gif_138_60.jpg,【盼盼PANPAN】
门窗型材,门/锁/窗/楼梯,2,http://image4.cnpp.cn/upload/images/20170420/15051766660_207x90.gif_138_60.jpg,【大力大喜】
门窗型材,门/锁/窗/楼梯,3,http://imagemg.cnpp.cn/upload/images/20150410/09120211710_207x90.gif_138_60.jpg,【拉迷LaMi】
门窗型材,门/锁/窗/楼梯,4,http://image3.cnpp.cn/upload/images/20170420/15051768602_207x90.gif_138_60.jpg,【新多SIMTO】
门窗型材,门/锁/窗/楼梯,5,http://image3.cnpp.cn/upload/images/20170304/11331061154_207x90.gif_138_60.jpg,【锐亿门业RAYI】
门窗型材,门/锁/窗/楼梯,6,http://image2.cnpp.cn/upload/images/20170426/11021614617_207x90.gif_138_60.jpg,【新标SiMBOR】
门窗型材,门/锁/窗/楼梯,7,http://image.cnpp.cn/upload/images/20170420/20573795071_207x90.gif_138_60.jpg,【王力WONLY】
门窗型材,门/锁/窗/楼梯,8,http://image4.cnpp.cn/upload/images/20170420/15050366177_207x90.gif_138_60.jpg,【步阳BY】
门窗型材,门/锁/窗/楼梯,9,http://image2.cnpp.cn/upload/images/20170420/15050343513_207x90.gif_138_60.jpg,【美心Mexin】
门窗型材,门/锁/窗/楼梯,10,http://image4.cnpp.cn/upload/images/20170420/20573555193_207x90.gif_138_60.jpg,【TATA木门】
门窗型材,门/锁/窗/楼梯,11,http://image2.cnpp.cn/upload/images/20160519/09012841722_207x90.gif_138_60.jpg,【富新FUSIM】
门窗型材,门/锁/窗/楼梯,12,http://image2.cnpp.cn/upload/images/20170420/20565849021_207x90.gif_138_60.jpg,【顶固Topstrong】
门窗型材,门/锁/窗/楼梯,13,http://image4.cnpp.cn/upload/images/20161114/10290244285_207x90.gif_138_60.jpg,【金大KINGDOM】
门窗型材,门/锁/窗/楼梯,14,http://image4.cnpp.cn/upload/images/20170420/15045842255_207x90.gif_138_60.jpg,【普吉尼POCHINI】
门窗型材,门/锁/窗/楼梯,15,http://image3.cnpp.cn/upload/images/20170420/15051163189_207x90.gif_138_60.jpg,【信步ThinkBlog】
门窗型材,门/锁/窗/楼梯,16,http://image.cnpp.cn/upload/images/20170420/15105465864_207x90.gif_138_60.jpg,【科嘉豪门KEJIA】
门窗型材,门/锁/窗/楼梯,17,http://image4.cnpp.cn/upload/images/20160516/09043532782_207x90.gif_138_60.jpg,【尚品本色SUPERUS】
门窗型材,门/锁/窗/楼梯,18,http://imagemg.cnpp.cn/upload/images/20150801/17041544244_207x90.gif_138_60.jpg,【Panasonic松下】
门窗型材,门/锁/窗/楼梯,19,http://image3.cnpp.cn/upload/images/20150821/09292397557_207x90.gif_138_60.jpg,【雅洁五金ARCHIE】
门窗型材,门/锁/窗/楼梯,20,http://imagemg.cnpp.cn/upload/images/20160512/11390370825_207x90.gif_138_60.jpg,【德维尔】
门窗五金,门/锁/窗/楼梯,1,http://image4.cnpp.cn/upload/images/20170420/15045023494_207x90.gif_138_60.jpg,【盼盼PANPAN】
门窗五金,门/锁/窗/楼梯,2,http://image4.cnpp.cn/upload/images/20170420/15051766660_207x90.gif_138_60.jpg,【大力大喜】
门窗五金,门/锁/窗/楼梯,3,http://imagemg.cnpp.cn/upload/images/20150410/09120211710_207x90.gif_138_60.jpg,【拉迷LaMi】
门窗五金,门/锁/窗/楼梯,4,http://image3.cnpp.cn/upload/images/20170420/15051768602_207x90.gif_138_60.jpg,【新多SIMTO】
门窗五金,门/锁/窗/楼梯,5,http://image3.cnpp.cn/upload/images/20170304/11331061154_207x90.gif_138_60.jpg,【锐亿门业RAYI】
门窗五金,门/锁/窗/楼梯,6,http://image2.cnpp.cn/upload/images/20170426/11021614617_207x90.gif_138_60.jpg,【新标SiMBOR】
门窗五金,门/锁/窗/楼梯,7,http://image.cnpp.cn/upload/images/20170420/20573795071_207x90.gif_138_60.jpg,【王力WONLY】
门窗五金,门/锁/窗/楼梯,8,http://image4.cnpp.cn/upload/images/20170420/15050366177_207x90.gif_138_60.jpg,【步阳BY】
门窗五金,门/锁/窗/楼梯,9,http://image2.cnpp.cn/upload/images/20170420/15050343513_207x90.gif_138_60.jpg,【美心Mexin】
门窗五金,门/锁/窗/楼梯,10,http://image4.cnpp.cn/upload/images/20170420/20573555193_207x90.gif_138_60.jpg,【TATA木门】
门窗五金,门/锁/窗/楼梯,11,http://image2.cnpp.cn/upload/images/20160519/09012841722_207x90.gif_138_60.jpg,【富新FUSIM】
门窗五金,门/锁/窗/楼梯,12,http://image2.cnpp.cn/upload/images/20170420/20565849021_207x90.gif_138_60.jpg,【顶固Topstrong】
门窗五金,门/锁/窗/楼梯,13,http://image4.cnpp.cn/upload/images/20161114/10290244285_207x90.gif_138_60.jpg,【金大KINGDOM】
门窗五金,门/锁/窗/楼梯,14,http://image4.cnpp.cn/upload/images/20170420/15045842255_207x90.gif_138_60.jpg,【普吉尼POCHINI】
门窗五金,门/锁/窗/楼梯,15,http://image3.cnpp.cn/upload/images/20170420/15051163189_207x90.gif_138_60.jpg,【信步ThinkBlog】
门窗五金,门/锁/窗/楼梯,16,http://image.cnpp.cn/upload/images/20170420/15105465864_207x90.gif_138_60.jpg,【科嘉豪门KEJIA】
门窗五金,门/锁/窗/楼梯,17,http://image4.cnpp.cn/upload/images/20160516/09043532782_207x90.gif_138_60.jpg,【尚品本色SUPERUS】
门窗五金,门/锁/窗/楼梯,18,http://imagemg.cnpp.cn/upload/images/20150801/17041544244_207x90.gif_138_60.jpg,【Panasonic松下】
门窗五金,门/锁/窗/楼梯,19,http://image3.cnpp.cn/upload/images/20150821/09292397557_207x90.gif_138_60.jpg,【雅洁五金ARCHIE】
门窗五金,门/锁/窗/楼梯,20,http://imagemg.cnpp.cn/upload/images/20160512/11390370825_207x90.gif_138_60.jpg,【德维尔】
