卫浴洁具浴室,角阀,http://www.china-10.com/brand/160.html
卫浴洁具浴室,花洒,http://www.china-10.com/brand/28633.html
地板/瓷砖,户型/房屋类型,http://www.china-10.com/brand/2026.html
地板/瓷砖,户型/房屋类型,http://www.china-10.com/brand/160.html
厨柜/衣柜定制,卧室风水,http://www.china-10.com/brand/2839.html
厨柜/衣柜定制,装修/空间改造,http://www.china-10.com/brand/1794.html
地板/瓷砖,瓷砖/地板砖,http://www.china-10.com/brand/59659.html
厨柜/衣柜定制,布衣柜,http://www.china-10.com/brand/25302.html
卫浴洁具浴室,建材连锁,http://www.china-10.com/brand/11023.html
卫浴洁具浴室,智能座便器,http://www.china-10.com/brand/58102.html
卫浴洁具浴室,五金挂件/太空铝,http://www.china-10.com/brand/11811.html
卫浴洁具浴室,水龙头,http://www.china-10.com/brand/46347.html
厨柜/衣柜定制,卧室风水,http://www.china-10.com/brand/20935.html
照明/灯饰,LED灯-节能灯,http://www.china-10.com/brand/22927.html
厨柜/衣柜定制,卧室风水,http://www.china-10.com/brand/1131.html
卫浴洁具浴室,地漏,http://www.china-10.com/brand/160.html
卫浴洁具浴室,电热水器,http://www.china-10.com/brand/10647.html
卫浴洁具浴室,卫生间风水,http://www.china-10.com/brand/42797.html
吊顶/板材,厨房风水,http://www.china-10.com/brand/28259.html
厨柜/衣柜定制,装修/空间改造,http://www.china-10.com/brand/23569.html
卫浴洁具浴室,电热水器,http://www.china-10.com/brand/40958.html
地板/瓷砖,户型/房屋类型,http://www.china-10.com/brand/9273.html
卫浴洁具浴室,浴室柜-台盆柜,http://www.china-10.com/brand/54967.html
厨柜/衣柜定制,房产家居,http://www.china-10.com/brand/37630.html
厨柜/衣柜定制,卧室风水,http://www.china-10.com/brand/1133.html
地板/瓷砖,多层木地板,http://www.china-10.com/brand/13082.html
卫浴洁具浴室,智能座便器,http://www.china-10.com/brand/26376.html
卫浴洁具浴室,地漏,http://www.china-10.com/brand/160.html
卫浴洁具浴室,五金挂件/太空铝,http://www.china-10.com/brand/124.html
卫浴洁具浴室,花洒,http://www.china-10.com/brand/17965.html
卫浴洁具浴室,花洒,http://www.china-10.com/brand/160.html
卫浴洁具浴室,水龙头,http://www.china-10.com/brand/13922.html
卫浴洁具浴室,五金挂件/太空铝,http://www.china-10.com/brand/160.html
卫浴洁具浴室,日用五金制品,http://www.china-10.com/brand/836.html
卫浴洁具浴室,镜子,http://www.china-10.com/brand/54966.html
卫浴洁具浴室,卫浴洁具,http://www.china-10.com/brand/36749.html
卫浴洁具浴室,卫浴洁具,http://www.china-10.com/brand/7197.html
吊顶/板材,壁纸/墙饰/墙漆,http://www.china-10.com/brand/20897.html
卫浴洁具浴室,浴室柜-台盆柜,http://www.china-10.com/brand/61043.html
厨柜/衣柜定制,装修/空间改造,http://www.china-10.com/brand/22286.html
厨柜/衣柜定制,卧室风水,http://www.china-10.com/brand/887.html
地板/瓷砖,户型/房屋类型,http://www.china-10.com/brand/6722.html
厨柜/衣柜定制,装修/空间改造,http://www.china-10.com/brand/1131.html
吊顶/板材,壁纸/墙饰/墙漆,http://www.china-10.com/brand/7594.html
卫浴洁具浴室,卫浴洁具,http://www.china-10.com/brand/55613.html
卫浴洁具浴室,角阀,http://www.china-10.com/brand/28633.html
卫浴洁具浴室,五金挂件/太空铝,http://www.china-10.com/brand/20833.html
卫浴洁具浴室,水龙头,http://www.china-10.com/brand/59659.html
卫浴洁具浴室,花洒,http://www.china-10.com/brand/11293.html
卫浴洁具浴室,五金挂件/太空铝,http://www.china-10.com/brand/160.html
厨柜/衣柜定制,房产家居,http://www.china-10.com/brand/59895.html
卫浴洁具浴室,卫浴洁具,http://www.china-10.com/brand/160.html
地板/瓷砖,亚光砖,http://www.china-10.com/brand/14222.html
厨柜/衣柜定制,厨房风水,http://www.china-10.com/brand/2096.html
卫浴洁具浴室,智能座便器,http://www.china-10.com/brand/406.html
卫浴洁具浴室,水龙头,http://www.china-10.com/brand/160.html
地板/瓷砖,瓷砖/地板砖,http://www.china-10.com/brand/59659.html
卫浴洁具浴室,建材连锁,http://www.china-10.com/brand/28633.html
卫浴洁具浴室,卫生间风水,http://www.china-10.com/brand/160.html
地板/瓷砖,地板,http://www.china-10.com/brand/11160.html
地板/瓷砖,地热地板,http://www.china-10.com/brand/46287.html
卫浴洁具浴室,水槽,http://www.china-10.com/brand/47773.html
卫浴洁具浴室,花洒,http://www.china-10.com/brand/13922.html
卫浴洁具浴室,卫浴洁具,http://www.china-10.com/brand/160.html
厨柜/衣柜定制,厨房风水,http://www.china-10.com/brand/41805.html
地板/瓷砖,户型/房屋类型,http://www.china-10.com/brand/160.html
厨柜/衣柜定制,卧室风水,http://www.china-10.com/brand/887.html
卫浴洁具浴室,淋浴房,http://www.china-10.com/brand/24000.html
厨柜/衣柜定制,厨房,http://www.china-10.com/brand/20921.html
卫浴洁具浴室,浴霸-风暖,http://www.china-10.com/brand/16928.html
卫浴洁具浴室,地漏,http://www.china-10.com/brand/55611.html
地板/瓷砖,户型/房屋类型,http://www.china-10.com/brand/9212.html
卫浴洁具浴室,电热水器,http://www.china-10.com/brand/50863.html
卫浴洁具浴室,面盆-台盆,http://www.china-10.com/brand/59732.html
卫浴洁具浴室,角阀,http://www.china-10.com/brand/160.html
厨柜/衣柜定制,装修/空间改造,http://www.china-10.com/brand/1794.html
厨柜/衣柜定制,装修/空间改造,http://www.china-10.com/brand/16928.html
厨柜/衣柜定制,厨房,http://www.china-10.com/brand/996.html
厨柜/衣柜定制,布衣柜,http://www.china-10.com/brand/25302.html
卫浴洁具浴室,电热水器,http://www.china-10.com/brand/289.html
卫浴洁具浴室,地漏,http://www.china-10.com/brand/47349.html
地板/瓷砖,户型/房屋类型,http://www.china-10.com/brand/17273.html
卫浴洁具浴室,花洒,http://www.china-10.com/brand/59659.html
卫浴洁具浴室,五金挂件/太空铝,http://www.china-10.com/brand/160.html
厨柜/衣柜定制,装修/空间改造,http://www.china-10.com/brand/25748.html
卫浴洁具浴室,五金挂件/太空铝,http://www.china-10.com/brand/28633.html
地板/瓷砖,大理石瓷砖,http://www.china-10.com/brand/520.html
厨柜/衣柜定制,整体衣柜,http://www.china-10.com/brand/1033.html
卫浴洁具浴室,花洒,http://www.china-10.com/brand/160.html
厨柜/衣柜定制,厨房,http://www.china-10.com/brand/16928.html
厨柜/衣柜定制,布衣柜,http://www.china-10.com/brand/25302.html
卫浴洁具浴室,花洒,http://www.china-10.com/brand/160.html
卫浴洁具浴室,日用五金制品,http://www.china-10.com/brand/3410.html
卫浴洁具浴室,花洒,http://www.china-10.com/brand/239.html
卫浴洁具浴室,五金挂件/太空铝,http://www.china-10.com/brand/231.html
卫浴洁具浴室,日用五金制品,http://www.china-10.com/brand/836.html
厨柜/衣柜定制,推拉门-移门,http://www.china-10.com/brand/59659.html
卫浴洁具浴室,水槽,http://www.china-10.com/brand/47773.html
卫浴洁具浴室,洁身器/马桶盖,http://www.china-10.com/brand/47046.html
厨柜/衣柜定制,装修/空间改造,http://www.china-10.com/brand/7863.html
卫浴洁具浴室,水龙头,http://www.china-10.com/brand/160.html
地板/瓷砖,户型/房屋类型,http://www.china-10.com/brand/20921.html
卫浴洁具浴室,水龙头,http://www.china-10.com/brand/160.html
卫浴洁具浴室,水龙头,http://www.china-10.com/brand/160.html
厨柜/衣柜定制,整体衣柜,http://www.china-10.com/brand/1135.html
厨柜/衣柜定制,厨柜/整体厨房,http://www.china-10.com/brand/39265.html
地板/瓷砖,大理石瓷砖,http://www.china-10.com/brand/533.html
厨柜/衣柜定制,全屋定制,http://www.china-10.com/brand/59895.html
卫浴洁具浴室,镜子,http://www.china-10.com/brand/54966.html
卫浴洁具浴室,五金挂件/太空铝,http://www.china-10.com/brand/160.html
卫浴洁具浴室,日用五金制品,http://www.china-10.com/brand/160.html
卫浴洁具浴室,五金挂件/太空铝,http://www.china-10.com/brand/59728.html
吊顶/板材,浴霸-风暖,http://www.china-10.com/brand/59659.html
地板/瓷砖,户型/房屋类型,http://www.china-10.com/brand/20919.html
地板/瓷砖,户型/房屋类型,http://www.china-10.com/brand/160.html
厨柜/衣柜定制,卧室风水,http://www.china-10.com/brand/23570.html
卫浴洁具浴室,日用五金制品,http://www.china-10.com/brand/160.html
卫浴洁具浴室,五金挂件/太空铝,http://www.china-10.com/brand/59659.html
卫浴洁具浴室,卫浴洁具,http://www.china-10.com/brand/13922.html
卫浴洁具浴室,卫浴洁具,http://www.china-10.com/brand/160.html
卫浴洁具浴室,花洒,http://www.china-10.com/brand/169.html
厨柜/衣柜定制,整体衣柜,http://www.china-10.com/brand/1033.html
吊顶/板材,壁纸/墙饰/墙漆,http://www.china-10.com/brand/47236.html
卫浴洁具浴室,日用五金制品,http://www.china-10.com/brand/13922.html
卫浴洁具浴室,角阀,http://www.china-10.com/brand/13922.html
厨柜/衣柜定制,装修/空间改造,http://www.china-10.com/brand/2678.html
卫浴洁具浴室,卫浴洁具,http://www.china-10.com/brand/55611.html
卫浴洁具浴室,花洒,http://www.china-10.com/brand/167.html
厨柜/衣柜定制,装修/空间改造,http://www.china-10.com/brand/27275.html
厨柜/衣柜定制,卧室风水,http://www.china-10.com/brand/16504.html
厨柜/衣柜定制,卧室风水,http://www.china-10.com/brand/520.html
卫浴洁具浴室,地漏,http://www.china-10.com/brand/47349.html
卫浴洁具浴室,水槽,http://www.china-10.com/brand/59964.html
卫浴洁具浴室,水槽,http://www.china-10.com/brand/160.html
卫浴洁具浴室,五金挂件/太空铝,http://www.china-10.com/brand/160.html
厨柜/衣柜定制,厨房风水,http://www.china-10.com/brand/28259.html
吊顶/板材,厨房风水,http://www.china-10.com/brand/520.html
厨柜/衣柜定制,厨房,http://www.china-10.com/brand/28259.html
地板/瓷砖,户型/房屋类型,http://www.china-10.com/brand/14115.html
地板/瓷砖,户型/房屋类型,http://www.china-10.com/brand/520.html
地板/瓷砖,仿古砖,http://www.china-10.com/brand/520.html
卫浴洁具浴室,智能座便器,http://www.china-10.com/brand/28633.html
卫浴洁具浴室,卫浴洁具,http://www.china-10.com/brand/13921.html
卫浴洁具浴室,水龙头,http://www.china-10.com/brand/19028.html
吊顶/板材,壁纸/墙饰/墙漆,http://www.china-10.com/brand/1176.html
卫浴洁具浴室,镜子,http://www.china-10.com/brand/18513.html
卫浴洁具浴室,排气扇,http://www.china-10.com/brand/48140.html
卫浴洁具浴室,日用五金制品,http://www.china-10.com/brand/3410.html
卫浴洁具浴室,花洒,http://www.china-10.com/brand/160.html
卫浴洁具浴室,浴缸,http://www.china-10.com/brand/28633.html
卫浴洁具浴室,洁身器/马桶盖,http://www.china-10.com/brand/20980.html
卫浴洁具浴室,卫浴洁具,http://www.china-10.com/brand/160.html
卫浴洁具浴室,电热水器,http://www.china-10.com/brand/40958.html
厨柜/衣柜定制,装修/空间改造,http://www.china-10.com/brand/28259.html
地板/瓷砖,户型/房屋类型,http://www.china-10.com/brand/2520.html
地板/瓷砖,户型/房屋类型,http://www.china-10.com/brand/14222.html
厨柜/衣柜定制,厨房,http://www.china-10.com/brand/37423.html
厨柜/衣柜定制,卧室风水,http://www.china-10.com/brand/25664.html
卫浴洁具浴室,水槽,http://www.china-10.com/brand/160.html
卫浴洁具浴室,地漏,http://www.china-10.com/brand/7635.html
卫浴洁具浴室,花洒,http://www.china-10.com/brand/160.html
厨柜/衣柜定制,厨房风水,http://www.china-10.com/brand/19000.html
厨柜/衣柜定制,卧室风水,http://www.china-10.com/brand/17273.html
厨柜/衣柜定制,布衣柜,http://www.china-10.com/brand/25302.html
卫浴洁具浴室,燃气热水器,http://www.china-10.com/brand/50862.html
卫浴洁具浴室,浴室柜-台盆柜,http://www.china-10.com/brand/59746.html
卫浴洁具浴室,水槽,http://www.china-10.com/brand/160.html
吊顶/板材,壁纸/墙饰/墙漆,http://www.china-10.com/brand/1176.html
卫浴洁具浴室,水槽,http://www.china-10.com/brand/59659.html
卫浴洁具浴室,卫浴洁具,http://www.china-10.com/brand/160.html
地板/瓷砖,户型/房屋类型,http://www.china-10.com/brand/20935.html
厨柜/衣柜定制,整体衣柜,http://www.china-10.com/brand/13908.html
厨柜/衣柜定制,厨柜/整体厨房,http://www.china-10.com/brand/19025.html
卫浴洁具浴室,花洒,http://www.china-10.com/brand/28633.html
卫浴洁具浴室,洁身器/马桶盖,http://www.china-10.com/brand/406.html
厨柜/衣柜定制,推拉门-移门,http://www.china-10.com/brand/59659.html
卫浴洁具浴室,花洒,http://www.china-10.com/brand/13918.html
卫浴洁具浴室,花洒,http://www.china-10.com/brand/59539.html
卫浴洁具浴室,花洒,http://www.china-10.com/brand/160.html
厨柜/衣柜定制,厨房风水,http://www.china-10.com/brand/41807.html
地板/瓷砖,户型/房屋类型,http://www.china-10.com/brand/25682.html
卫浴洁具浴室,卫浴洁具,http://www.china-10.com/brand/160.html
卫浴洁具浴室,排气扇,http://www.china-10.com/brand/25269.html
地板/瓷砖,户型/房屋类型,http://www.china-10.com/brand/13897.html
厨柜/衣柜定制,厨房风水,http://www.china-10.com/brand/836.html
厨柜/衣柜定制,整体衣柜,http://www.china-10.com/brand/41827.html
卫浴洁具浴室,五金挂件/太空铝,http://www.china-10.com/brand/54967.html
吊顶/板材,集成材-实木指接板,http://www.china-10.com/brand/18955.html
卫浴洁具浴室,水龙头,http://www.china-10.com/brand/53976.html
厨柜/衣柜定制,房产家居,http://www.china-10.com/brand/13638.html
厨柜/衣柜定制,卧室风水,http://www.china-10.com/brand/23569.html
卫浴洁具浴室,水槽,http://www.china-10.com/brand/160.html
卫浴洁具浴室,花洒,http://www.china-10.com/brand/55613.html
卫浴洁具浴室,浴缸,http://www.china-10.com/brand/20969.html
厨柜/衣柜定制,房产家居,http://www.china-10.com/brand/47482.html
卫浴洁具浴室,卫生间风水,http://www.china-10.com/brand/22936.html
地板/瓷砖,地板,http://www.china-10.com/brand/46287.html
卫浴洁具浴室,花洒,http://www.china-10.com/brand/11813.html
卫浴洁具浴室,马桶-坐便器,http://www.china-10.com/brand/28633.html
厨柜/衣柜定制,装修/空间改造,http://www.china-10.com/brand/1794.html
卫浴洁具浴室,浴霸-风暖,http://www.china-10.com/brand/59715.html
厨柜/衣柜定制,装修/空间改造,http://www.china-10.com/brand/42797.html
卫浴洁具浴室,水龙头,http://www.china-10.com/brand/160.html
卫浴洁具浴室,蒸汽房,http://www.china-10.com/brand/11393.html
卫浴洁具浴室,水龙头,http://www.china-10.com/brand/160.html
吊顶/板材,多层板-胶合板,http://www.china-10.com/brand/18955.html
卫浴洁具浴室,洁身器/马桶盖,http://www.china-10.com/brand/406.html
卫浴洁具浴室,角阀,http://www.china-10.com/brand/160.html
卫浴洁具浴室,镜子,http://www.china-10.com/brand/63326.html
卫浴洁具浴室,蒸汽房,http://www.china-10.com/brand/11393.html
吊顶/板材,壁纸/墙饰/墙漆,http://www.china-10.com/brand/20871.html
厨柜/衣柜定制,全屋定制,http://www.china-10.com/brand/21023.html
厨柜/衣柜定制,装修/空间改造,http://www.china-10.com/brand/2660.html
吊顶/板材,生态板-免漆板,http://www.china-10.com/brand/25568.html
地板/瓷砖,户型/房屋类型,http://www.china-10.com/brand/25890.html
卫浴洁具浴室,花洒,http://www.china-10.com/brand/160.html
卫浴洁具浴室,卫生间风水,http://www.china-10.com/brand/167.html
厨柜/衣柜定制,装修/空间改造,http://www.china-10.com/brand/36291.html
卫浴洁具浴室,日用五金制品,http://www.china-10.com/brand/160.html
卫浴洁具浴室,智能座便器,http://www.china-10.com/brand/25624.html
厨柜/衣柜定制,推拉门-移门,http://www.china-10.com/brand/10233.html
卫浴洁具浴室,洁身器/马桶盖,http://www.china-10.com/brand/47046.html
卫浴洁具浴室,五金挂件/太空铝,http://www.china-10.com/brand/13922.html
卫浴洁具浴室,水龙头,http://www.china-10.com/brand/9203.html
厨柜/衣柜定制,房产家居,http://www.china-10.com/brand/7866.html
卫浴洁具浴室,小便斗,http://www.china-10.com/brand/59746.html
吊顶/板材,集成材-实木指接板,http://www.china-10.com/brand/38420.html
卫浴洁具浴室,卫生间风水,http://www.china-10.com/brand/2839.html
吊顶/板材,浴霸-风暖,http://www.china-10.com/brand/59659.html
卫浴洁具浴室,花洒,http://www.china-10.com/brand/13921.html
地板/瓷砖,户型/房屋类型,http://www.china-10.com/brand/1176.html
地板/瓷砖,瓷砖/地板砖,http://www.china-10.com/brand/520.html
卫浴洁具浴室,五金挂件/太空铝,http://www.china-10.com/brand/160.html
卫浴洁具浴室,日用五金制品,http://www.china-10.com/brand/836.html
卫浴洁具浴室,燃气热水器,http://www.china-10.com/brand/298.html
卫浴洁具浴室,水槽,http://www.china-10.com/brand/12461.html
卫浴洁具浴室,五金挂件/太空铝,http://www.china-10.com/brand/160.html
卫浴洁具浴室,卫浴洁具,http://www.china-10.com/brand/19028.html
卫浴洁具浴室,五金挂件/太空铝,http://www.china-10.com/brand/160.html
厨柜/衣柜定制,厨房,http://www.china-10.com/brand/1176.html
卫浴洁具浴室,水龙头,http://www.china-10.com/brand/160.html
卫浴洁具浴室,五金挂件/太空铝,http://www.china-10.com/brand/12461.html
地板/瓷砖,仿古砖,http://www.china-10.com/brand/520.html
卫浴洁具浴室,卫浴洁具,http://www.china-10.com/brand/160.html
卫浴洁具浴室,水龙头,http://www.china-10.com/brand/11023.html
卫浴洁具浴室,镜子,http://www.china-10.com/brand/54965.html
厨柜/衣柜定制,厨房,http://www.china-10.com/brand/490.html
吊顶/板材,壁纸/墙饰/墙漆,http://www.china-10.com/brand/1131.html
厨柜/衣柜定制,装修/空间改造,http://www.china-10.com/brand/38218.html
吊顶/板材,壁纸/墙饰/墙漆,http://www.china-10.com/brand/8359.html
卫浴洁具浴室,花洒,http://www.china-10.com/brand/160.html
卫浴洁具浴室,卫浴洁具,http://www.china-10.com/brand/55606.html
卫浴洁具浴室,蒸汽房,http://www.china-10.com/brand/11393.html
地板/瓷砖,户型/房屋类型,http://www.china-10.com/brand/18955.html
厨柜/衣柜定制,卧室风水,http://www.china-10.com/brand/520.html
卫浴洁具浴室,水龙头,http://www.china-10.com/brand/160.html
吊顶/板材,排气扇,http://www.china-10.com/brand/40391.html
卫浴洁具浴室,小便斗,http://www.china-10.com/brand/59732.html
卫浴洁具浴室,花洒,http://www.china-10.com/brand/11023.html
厨柜/衣柜定制,整体衣柜,http://www.china-10.com/brand/39702.html
厨柜/衣柜定制,房产家居,http://www.china-10.com/brand/40343.html
地板/瓷砖,户型/房屋类型,http://www.china-10.com/brand/1133.html
厨柜/衣柜定制,房产家居,http://www.china-10.com/brand/28633.html
卫浴洁具浴室,电热水器,http://www.china-10.com/brand/40958.html
厨柜/衣柜定制,整体衣柜,http://www.china-10.com/brand/41207.html
厨柜/衣柜定制,厨柜/整体厨房,http://www.china-10.com/brand/47489.html
卫浴洁具浴室,日用五金制品,http://www.china-10.com/brand/160.html
卫浴洁具浴室,水龙头,http://www.china-10.com/brand/27275.html
卫浴洁具浴室,沐浴桶,http://www.china-10.com/brand/36369.html
卫浴洁具浴室,花洒,http://www.china-10.com/brand/59554.html
厨柜/衣柜定制,装修/空间改造,http://www.china-10.com/brand/21093.html
卫浴洁具浴室,五金挂件/太空铝,http://www.china-10.com/brand/160.html
卫浴洁具浴室,花洒,http://www.china-10.com/brand/28633.html
卫浴洁具浴室,建材连锁,http://www.china-10.com/brand/28633.html
卫浴洁具浴室,卫浴洁具,http://www.china-10.com/brand/27275.html
厨柜/衣柜定制,卧室风水,http://www.china-10.com/brand/16505.html
吊顶/板材,厨房风水,http://www.china-10.com/brand/41805.html
地板/瓷砖,户型/房屋类型,http://www.china-10.com/brand/36169.html
卫浴洁具浴室,地漏,http://www.china-10.com/brand/7624.html
厨柜/衣柜定制,卧室风水,http://www.china-10.com/brand/16506.html
地板/瓷砖,装修/空间改造,http://www.china-10.com/brand/36223.html
地板/瓷砖,装修/空间改造,http://www.china-10.com/brand/7870.html
卫浴洁具浴室,排气扇,http://www.china-10.com/brand/48140.html
卫浴洁具浴室,浴室柜-台盆柜,http://www.china-10.com/brand/28633.html
厨柜/衣柜定制,房产家居,http://www.china-10.com/brand/7870.html
卫浴洁具浴室,地漏,http://www.china-10.com/brand/7635.html
地板/瓷砖,户型/房屋类型,http://www.china-10.com/brand/37005.html
卫浴洁具浴室,水龙头,http://www.china-10.com/brand/160.html
卫浴洁具浴室,按摩浴缸,http://www.china-10.com/brand/14037.html
卫浴洁具浴室,卫浴洁具,http://www.china-10.com/brand/21002.html
卫浴洁具浴室,水龙头,http://www.china-10.com/brand/17965.html
地板/瓷砖,抛光砖,http://www.china-10.com/brand/53882.html
地板/瓷砖,户型/房屋类型,http://www.china-10.com/brand/27137.html
卫浴洁具浴室,浴室柜-台盆柜,http://www.china-10.com/brand/28633.html
吊顶/板材,集成吊顶,http://www.china-10.com/brand/20921.html
吊顶/板材,厨房,http://www.china-10.com/brand/1176.html
地板/瓷砖,户型/房屋类型,http://www.china-10.com/brand/7866.html
厨柜/衣柜定制,装修/空间改造,http://www.china-10.com/brand/7492.html
涂料/墙饰/壁纸,建筑涂料,http://www.china-10.com/brand/8229.html
卫浴洁具浴室,花洒,http://www.china-10.com/brand/27581.html
地板/瓷砖,装修/空间改造,http://www.china-10.com/brand/23570.html
地板/瓷砖,户型/房屋类型,http://www.china-10.com/brand/16504.html
吊顶/板材,生态板-免漆板,http://www.china-10.com/brand/38420.html
地板/瓷砖,亚光砖,http://www.china-10.com/brand/36764.html
卫浴洁具浴室,水龙头,http://www.china-10.com/brand/9212.html
厨柜/衣柜定制,装修/空间改造,http://www.china-10.com/brand/37423.html
地板/瓷砖,装修/空间改造,http://www.china-10.com/brand/7866.html
厨柜/衣柜定制,厨房风水,http://www.china-10.com/brand/520.html
卫浴洁具浴室,水槽,http://www.china-10.com/brand/13922.html
厨柜/衣柜定制,房产家居,http://www.china-10.com/brand/47478.html
吊顶/板材,壁纸/墙饰/墙漆,http://www.china-10.com/brand/20873.html
厨柜/衣柜定制,整体衣柜,http://www.china-10.com/brand/1135.html
地板/瓷砖,装修/空间改造,http://www.china-10.com/brand/29848.html
卫浴洁具浴室,卫浴洁具,http://www.china-10.com/brand/59558.html
卫浴洁具浴室,卫浴洁具,http://www.china-10.com/brand/160.html
地板/瓷砖,户型/房屋类型,http://www.china-10.com/brand/17276.html
照明/灯饰,壁灯-镜前灯,http://www.china-10.com/brand/40342.html
地板/瓷砖,房产家居,http://www.china-10.com/brand/11453.html
地板/瓷砖,实木地板,http://www.china-10.com/brand/11131.html
厨柜/衣柜定制,装修/空间改造,http://www.china-10.com/brand/10166.html
卫浴洁具浴室,卫浴洁具,http://www.china-10.com/brand/59488.html
涂料/墙饰/壁纸,建筑涂料,http://www.china-10.com/brand/1176.html
卫浴洁具浴室,水龙头,http://www.china-10.com/brand/55606.html
吊顶/板材,壁纸/墙饰/墙漆,http://www.china-10.com/brand/59659.html
地板/瓷砖,实木地板,http://www.china-10.com/brand/13799.html
地板/瓷砖,户型/房屋类型,http://www.china-10.com/brand/29470.html
吊顶/板材,厨房,http://www.china-10.com/brand/20921.html
厨柜/衣柜定制,整体衣柜,http://www.china-10.com/brand/47474.html
卫浴洁具浴室,卫浴洁具,http://www.china-10.com/brand/9700.html
卫浴洁具浴室,卫浴洁具,http://www.china-10.com/brand/27269.html
吊顶/板材,壁纸/墙饰/墙漆,http://www.china-10.com/brand/42855.html
卫浴洁具浴室,浴霸-风暖,http://www.china-10.com/brand/59659.html
卫浴洁具浴室,日用五金制品,http://www.china-10.com/brand/25259.html
卫浴洁具浴室,五金挂件/太空铝,http://www.china-10.com/brand/160.html
厨柜/衣柜定制,卧室风水,http://www.china-10.com/brand/2660.html
吊顶/板材,壁纸/墙饰/墙漆,http://www.china-10.com/brand/47235.html
卫浴洁具浴室,排气扇,http://www.china-10.com/brand/16928.html
卫浴洁具浴室,水龙头,http://www.china-10.com/brand/17965.html
卫浴洁具浴室,马桶-坐便器,http://www.china-10.com/brand/46347.html
卫浴洁具浴室,花洒,http://www.china-10.com/brand/19028.html
卫浴洁具浴室,建材连锁,http://www.china-10.com/brand/28633.html
地板/瓷砖,装修/空间改造,http://www.china-10.com/brand/9273.html
卫浴洁具浴室,卫浴洁具,http://www.china-10.com/brand/20980.html
吊顶/板材,厨房,http://www.china-10.com/brand/1167.html
照明/灯饰,水晶灯/吊灯,http://www.china-10.com/brand/40342.html
卫浴洁具浴室,燃气热水器,http://www.china-10.com/brand/15134.html
照明/灯饰,照明灯具,http://www.china-10.com/brand/54924.html
地板/瓷砖,户型/房屋类型,http://www.china-10.com/brand/23570.html
地板/瓷砖,地板,http://www.china-10.com/brand/59659.html
卫浴洁具浴室,卫浴洁具,http://www.china-10.com/brand/46347.html
卫浴洁具浴室,五金挂件/太空铝,http://www.china-10.com/brand/13921.html
地板/瓷砖,户型/房屋类型,http://www.china-10.com/brand/16506.html
卫浴洁具浴室,水槽,http://www.china-10.com/brand/160.html
卫浴洁具浴室,花洒,http://www.china-10.com/brand/24000.html
卫浴洁具浴室,卫浴洁具,http://www.china-10.com/brand/114.html
厨柜/衣柜定制,厨柜/整体厨房,http://www.china-10.com/brand/27264.html
厨柜/衣柜定制,厨房风水,http://www.china-10.com/brand/37814.html
卫浴洁具浴室,卫浴洁具,http://www.china-10.com/brand/160.html
卫浴洁具浴室,地漏,http://www.china-10.com/brand/27581.html
电工/工具/五金,建工/机械设备,http://www.china-10.com/brand/39385.html
地板/瓷砖,实木地板,http://www.china-10.com/brand/690.html
吊顶/板材,厨房,http://www.china-10.com/brand/37423.html
卫浴洁具浴室,镜子,http://www.china-10.com/brand/160.html
地板/瓷砖,户型/房屋类型,http://www.china-10.com/brand/160.html
地板/瓷砖,装修/空间改造,http://www.china-10.com/brand/22480.html
地板/瓷砖,装修/空间改造,http://www.china-10.com/brand/520.html
地板/瓷砖,美缝剂,http://www.china-10.com/brand/48080.html
吊顶/板材,厨房风水,http://www.china-10.com/brand/14222.html
吊顶/板材,壁纸/墙饰/墙漆,http://www.china-10.com/brand/47399.html
吊顶/板材,铝扣板,http://www.china-10.com/brand/16928.html
地板/瓷砖,户型/房屋类型,http://www.china-10.com/brand/25663.html
涂料/墙饰/壁纸,壁纸墙纸,http://www.china-10.com/brand/23569.html
涂料/墙饰/壁纸,建筑涂料,http://www.china-10.com/brand/7594.html
厨柜/衣柜定制,布衣柜,http://www.china-10.com/brand/25302.html
吊顶/板材,壁纸/墙饰/墙漆,http://www.china-10.com/brand/47402.html
吊顶/板材,生态板-免漆板,http://www.china-10.com/brand/36291.html
厨柜/衣柜定制,装修/空间改造,http://www.china-10.com/brand/1176.html
吊顶/板材,壁纸/墙饰/墙漆,http://www.china-10.com/brand/23570.html
地板/瓷砖,户型/房屋类型,http://www.china-10.com/brand/12247.html
照明/灯饰,水晶灯/吊灯,http://www.china-10.com/brand/40342.html
卫浴洁具浴室,水龙头,http://www.china-10.com/brand/169.html
地板/瓷砖,户型/房屋类型,http://www.china-10.com/brand/46287.html
吊顶/板材,壁纸/墙饰/墙漆,http://www.china-10.com/brand/8359.html
吊顶/板材,厨房风水,http://www.china-10.com/brand/20921.html
地板/瓷砖,抛光砖,http://www.china-10.com/brand/520.html
厨柜/衣柜定制,厨柜/整体厨房,http://www.china-10.com/brand/21023.html
卫浴洁具浴室,卫浴洁具,http://www.china-10.com/brand/160.html
地板/瓷砖,仿古砖,http://www.china-10.com/brand/533.html
厨柜/衣柜定制,卧室风水,http://www.china-10.com/brand/42797.html
地板/瓷砖,户型/房屋类型,http://www.china-10.com/brand/47235.html
吊顶/板材,集成吊顶,http://www.china-10.com/brand/20921.html
卫浴洁具浴室,卫生间风水,http://www.china-10.com/brand/20921.html
地板/瓷砖,装修/空间改造,http://www.china-10.com/brand/37423.html
吊顶/板材,厨房风水,http://www.china-10.com/brand/160.html
地板/瓷砖,装修/空间改造,http://www.china-10.com/brand/2839.html
地板/瓷砖,户型/房屋类型,http://www.china-10.com/brand/37609.html
卫浴洁具浴室,五金挂件/太空铝,http://www.china-10.com/brand/160.html
地板/瓷砖,户型/房屋类型,http://www.china-10.com/brand/1176.html
吊顶/板材,厨房,http://www.china-10.com/brand/1176.html
地板/瓷砖,瓷砖胶/粘合剂,http://www.china-10.com/brand/7594.html
照明/灯饰,壁灯-镜前灯,http://www.china-10.com/brand/22920.html
卫浴洁具浴室,卫浴洁具,http://www.china-10.com/brand/55611.html
卫浴洁具浴室,马桶-坐便器,http://www.china-10.com/brand/13922.html
地板/瓷砖,亚光砖,http://www.china-10.com/brand/456.html
地板/瓷砖,户型/房屋类型,http://www.china-10.com/brand/16505.html
地板/瓷砖,多层木地板,http://www.china-10.com/brand/4026.html
照明/灯饰,LED灯-节能灯,http://www.china-10.com/brand/22928.html
厨柜/衣柜定制,装修/空间改造,http://www.china-10.com/brand/16505.html
地板/瓷砖,强化复合地板,http://www.china-10.com/brand/46287.html
吊顶/板材,壁纸/墙饰/墙漆,http://www.china-10.com/brand/36304.html
厨柜/衣柜定制,装修/空间改造,http://www.china-10.com/brand/1133.html
地板/瓷砖,装修/空间改造,http://www.china-10.com/brand/22286.html
建筑材料/消防,活性炭,http://www.china-10.com/brand/39961.html
地板/瓷砖,地热地板,http://www.china-10.com/brand/52875.html
地板/瓷砖,装修/空间改造,http://www.china-10.com/brand/36530.html
地板/瓷砖,户型/房屋类型,http://www.china-10.com/brand/25692.html
地板/瓷砖,户型/房屋类型,http://www.china-10.com/brand/1794.html
厨柜/衣柜定制,厨柜/整体厨房,http://www.china-10.com/brand/60279.html
地板/瓷砖,地板,http://www.china-10.com/brand/9112.html
卫浴洁具浴室,花洒,http://www.china-10.com/brand/55611.html
卫浴洁具浴室,卫浴洁具,http://www.china-10.com/brand/28633.html
厨柜/衣柜定制,装修/空间改造,http://www.china-10.com/brand/160.html
厨柜/衣柜定制,房产家居,http://www.china-10.com/brand/22645.html
地板/瓷砖,装修/空间改造,http://www.china-10.com/brand/2660.html
地板/瓷砖,装修/空间改造,http://www.china-10.com/brand/2096.html
吊顶/板材,细木工板-大芯板,http://www.china-10.com/brand/18955.html
卫浴洁具浴室,水龙头,http://www.china-10.com/brand/20831.html
厨柜/衣柜定制,厨房风水,http://www.china-10.com/brand/160.html
吊顶/板材,壁纸/墙饰/墙漆,http://www.china-10.com/brand/37576.html
卫浴洁具浴室,水龙头,http://www.china-10.com/brand/59558.html
卫浴洁具浴室,水槽,http://www.china-10.com/brand/160.html
卫浴洁具浴室,五金挂件/太空铝,http://www.china-10.com/brand/13921.html
地板/瓷砖,户型/房屋类型,http://www.china-10.com/brand/15007.html
电工/工具/五金,五金挂件/太空铝,http://www.china-10.com/brand/160.html
地板/瓷砖,地板,http://www.china-10.com/brand/750.html
厨柜/衣柜定制,厨柜/整体厨房,http://www.china-10.com/brand/39265.html
卫浴洁具浴室,卫浴洁具,http://www.china-10.com/brand/27276.html
卫浴洁具浴室,日用五金制品,http://www.china-10.com/brand/22753.html
厨柜/衣柜定制,厨柜/整体厨房,http://www.china-10.com/brand/1241.html
厨柜/衣柜定制,房产家居,http://www.china-10.com/brand/28633.html
厨柜/衣柜定制,厨房,http://www.china-10.com/brand/1176.html
地板/瓷砖,大理石瓷砖,http://www.china-10.com/brand/36764.html
厨柜/衣柜定制,推拉门-移门,http://www.china-10.com/brand/37423.html
卫浴洁具浴室,五金挂件/太空铝,http://www.china-10.com/brand/47773.html
地板/瓷砖,瓷砖胶/粘合剂,http://www.china-10.com/brand/7576.html
地板/瓷砖,户型/房屋类型,http://www.china-10.com/brand/160.html
涂料/墙饰/壁纸,建筑涂料,http://www.china-10.com/brand/20873.html
卫浴洁具浴室,角阀,http://www.china-10.com/brand/160.html
地板/瓷砖,户型/房屋类型,http://www.china-10.com/brand/17273.html
照明/灯饰,水晶灯/吊灯,http://www.china-10.com/brand/36085.html
卫浴洁具浴室,淋浴房,http://www.china-10.com/brand/20193.html
吊顶/板材,装饰板-板材,http://www.china-10.com/brand/38420.html
卫浴洁具浴室,水槽,http://www.china-10.com/brand/160.html
地板/瓷砖,户型/房屋类型,http://www.china-10.com/brand/23964.html
地板/瓷砖,装修/空间改造,http://www.china-10.com/brand/9700.html
吊顶/板材,壁纸/墙饰/墙漆,http://www.china-10.com/brand/52495.html
地板/瓷砖,墙砖瓷片,http://www.china-10.com/brand/520.html
卫浴洁具浴室,五金挂件/太空铝,http://www.china-10.com/brand/59732.html
吊顶/板材,壁纸/墙饰/墙漆,http://www.china-10.com/brand/35817.html
厨柜/衣柜定制,房产家居,http://www.china-10.com/brand/7866.html
卫浴洁具浴室,淋浴房,http://www.china-10.com/brand/28633.html
厨柜/衣柜定制,装修/空间改造,http://www.china-10.com/brand/29848.html
地板/瓷砖,墙砖瓷片,http://www.china-10.com/brand/21154.html
吊顶/板材,排气扇,http://www.china-10.com/brand/48140.html
地板/瓷砖,装修/空间改造,http://www.china-10.com/brand/7492.html
地板/瓷砖,户型/房屋类型,http://www.china-10.com/brand/10166.html
照明/灯饰,吊扇灯,http://www.china-10.com/brand/17273.html
地板/瓷砖,户型/房屋类型,http://www.china-10.com/brand/28633.html
卫浴洁具浴室,水槽,http://www.china-10.com/brand/55611.html
地板/瓷砖,美缝剂,http://www.china-10.com/brand/49596.html
卫浴洁具浴室,地漏,http://www.china-10.com/brand/21000.html
照明/灯饰,照明灯具,http://www.china-10.com/brand/11572.html
吊顶/板材,厨房,http://www.china-10.com/brand/39265.html
吊顶/板材,厨房风水,http://www.china-10.com/brand/10580.html
地板/瓷砖,房产家居,http://www.china-10.com/brand/7866.html
照明/灯饰,吸顶灯,http://www.china-10.com/brand/46348.html
地板/瓷砖,户型/房屋类型,http://www.china-10.com/brand/20966.html
地板/瓷砖,户型/房屋类型,http://www.china-10.com/brand/25302.html
吊顶/板材,排气扇,http://www.china-10.com/brand/16928.html
吊顶/板材,浴霸-风暖,http://www.china-10.com/brand/7492.html
厨柜/衣柜定制,装修/空间改造,http://www.china-10.com/brand/36818.html
卫浴洁具浴室,卫浴洁具,http://www.china-10.com/brand/11023.html
卫浴洁具浴室,卫浴洁具,http://www.china-10.com/brand/61043.html
地板/瓷砖,瓷砖/地板砖,http://www.china-10.com/brand/59659.html
地板/瓷砖,户型/房屋类型,http://www.china-10.com/brand/39265.html
厨柜/衣柜定制,装修/空间改造,http://www.china-10.com/brand/96.html
吊顶/板材,壁纸/墙饰/墙漆,http://www.china-10.com/brand/36304.html
吊顶/板材,壁纸/墙饰/墙漆,http://www.china-10.com/brand/47235.html
厨柜/衣柜定制,房产家居,http://www.china-10.com/brand/22677.html
地板/瓷砖,仿古砖,http://www.china-10.com/brand/520.html
厨柜/衣柜定制,装修/空间改造,http://www.china-10.com/brand/39204.html
电工/工具/五金,五金挂件/太空铝,http://www.china-10.com/brand/160.html
卫浴洁具浴室,水槽,http://www.china-10.com/brand/160.html
吊顶/板材,壁纸/墙饰/墙漆,http://www.china-10.com/brand/1133.html
厨柜/衣柜定制,装修/空间改造,http://www.china-10.com/brand/11190.html
地板/瓷砖,户型/房屋类型,http://www.china-10.com/brand/47235.html
卫浴洁具浴室,水龙头,http://www.china-10.com/brand/160.html
厨柜/衣柜定制,房产家居,http://www.china-10.com/brand/37691.html
地板/瓷砖,户型/房屋类型,http://www.china-10.com/brand/2520.html
吊顶/板材,多层板-胶合板,http://www.china-10.com/brand/38420.html
地板/瓷砖,装修/空间改造,http://www.china-10.com/brand/160.html
吊顶/板材,厨房,http://www.china-10.com/brand/16928.html
厨柜/衣柜定制,装修/空间改造,http://www.china-10.com/brand/20921.html
卫浴洁具浴室,浴室柜-台盆柜,http://www.china-10.com/brand/59659.html
地板/瓷砖,户型/房屋类型,http://www.china-10.com/brand/160.html
厨柜/衣柜定制,厨柜/整体厨房,http://www.china-10.com/brand/28259.html
地板/瓷砖,装修/空间改造,http://www.china-10.com/brand/42797.html
地板/瓷砖,户型/房屋类型,http://www.china-10.com/brand/1627.html
厨柜/衣柜定制,推拉门-移门,http://www.china-10.com/brand/29508.html
吊顶/板材,厨房风水,http://www.china-10.com/brand/169.html
电工/工具/五金,五金挂件/太空铝,http://www.china-10.com/brand/13918.html
涂料/墙饰/壁纸,壁纸墙纸,http://www.china-10.com/brand/47236.html
吊顶/板材,装饰板-板材,http://www.china-10.com/brand/18955.html
地板/瓷砖,户型/房屋类型,http://www.china-10.com/brand/1133.html
地板/瓷砖,户型/房屋类型,http://www.china-10.com/brand/20953.html
地板/瓷砖,户型/房屋类型,http://www.china-10.com/brand/25617.html
地板/瓷砖,户型/房屋类型,http://www.china-10.com/brand/40950.html
照明/灯饰,吊扇灯,http://www.china-10.com/brand/37609.html
地板/瓷砖,户型/房屋类型,http://www.china-10.com/brand/2660.html
地板/瓷砖,装修/空间改造,http://www.china-10.com/brand/47235.html
地板/瓷砖,户型/房屋类型,http://www.china-10.com/brand/9273.html
厨柜/衣柜定制,房产家居,http://www.china-10.com/brand/49078.html
吊顶/板材,集成吊顶,http://www.china-10.com/brand/16928.html
电工/工具/五金,建工/机械设备,http://www.china-10.com/brand/39385.html
厨柜/衣柜定制,卧室风水,http://www.china-10.com/brand/23964.html
吊顶/板材,多层板-胶合板,http://www.china-10.com/brand/38420.html
电工/工具/五金,五金挂件/太空铝,http://www.china-10.com/brand/54967.html
厨柜/衣柜定制,装修/空间改造,http://www.china-10.com/brand/8701.html
地板/瓷砖,实木地板,http://www.china-10.com/brand/20755.html
涂料/墙饰/壁纸,乳胶漆-墙漆,http://www.china-10.com/brand/20873.html
地板/瓷砖,户型/房屋类型,http://www.china-10.com/brand/160.html
卫浴洁具浴室,马桶-坐便器,http://www.china-10.com/brand/59659.html
吊顶/板材,厨房,http://www.china-10.com/brand/1178.html
照明/灯饰,吊扇灯,http://www.china-10.com/brand/55034.html
地板/瓷砖,强化复合地板,http://www.china-10.com/brand/8661.html
吊顶/板材,集成吊顶,http://www.china-10.com/brand/39694.html
厨柜/衣柜定制,房产家居,http://www.china-10.com/brand/37691.html
照明/灯饰,照明灯具,http://www.china-10.com/brand/25027.html
厨柜/衣柜定制,装修/空间改造,http://www.china-10.com/brand/23570.html
地板/瓷砖,户型/房屋类型,http://www.china-10.com/brand/2788.html
厨柜/衣柜定制,厨柜/整体厨房,http://www.china-10.com/brand/59659.html
地板/瓷砖,户型/房屋类型,http://www.china-10.com/brand/25624.html
吊顶/板材,厨房,http://www.china-10.com/brand/490.html
吊顶/板材,壁纸/墙饰/墙漆,http://www.china-10.com/brand/47350.html
吊顶/板材,壁纸/墙饰/墙漆,http://www.china-10.com/brand/47350.html
电工/工具/五金,五金挂件/太空铝,http://www.china-10.com/brand/160.html
吊顶/板材,壁纸/墙饰/墙漆,http://www.china-10.com/brand/26817.html
照明/灯饰,吊扇灯,http://www.china-10.com/brand/37609.html
地板/瓷砖,玻化砖,http://www.china-10.com/brand/520.html
厨柜/衣柜定制,厨房风水,http://www.china-10.com/brand/20921.html
吊顶/板材,厨房风水,http://www.china-10.com/brand/836.html
卫浴洁具浴室,卫浴洁具,http://www.china-10.com/brand/9203.html
地板/瓷砖,仿古砖,http://www.china-10.com/brand/520.html
地板/瓷砖,户型/房屋类型,http://www.china-10.com/brand/96.html
建筑材料/消防,吊顶/板材,http://www.china-10.com/brand/8844.html
吊顶/板材,厨房风水,http://www.china-10.com/brand/520.html
涂料/墙饰/壁纸,建筑涂料,http://www.china-10.com/brand/1176.html
照明/灯饰,吊扇灯,http://www.china-10.com/brand/17273.html
照明/灯饰,台灯/护眼灯,http://www.china-10.com/brand/7559.html
地板/瓷砖,装修/空间改造,http://www.china-10.com/brand/398.html
建筑材料/消防,活性炭,http://www.china-10.com/brand/48992.html
地板/瓷砖,装修/空间改造,http://www.china-10.com/brand/29470.html
管道电线电缆布线,转接线/数据线,http://www.china-10.com/brand/62427.html
地板/瓷砖,户型/房屋类型,http://www.china-10.com/brand/37423.html
地板/瓷砖,户型/房屋类型,http://www.china-10.com/brand/23569.html
电工/工具/五金,排插-插座,http://www.china-10.com/brand/16878.html
地板/瓷砖,户型/房屋类型,http://www.china-10.com/brand/12041.html
地板/瓷砖,房产家居,http://www.china-10.com/brand/7865.html
涂料/墙饰/壁纸,油漆涂料,http://www.china-10.com/brand/42785.html
地板/瓷砖,风格/款式,http://www.china-10.com/brand/37595.html
电工/工具/五金,开关插座,http://www.china-10.com/brand/21713.html
照明/灯饰,吊扇灯,http://www.china-10.com/brand/17274.html
地板/瓷砖,户型/房屋类型,http://www.china-10.com/brand/160.html
地板/瓷砖,装修/空间改造,http://www.china-10.com/brand/7863.html
照明/灯饰,LED灯-节能灯,http://www.china-10.com/brand/55416.html
建筑材料/消防,吊顶/板材,http://www.china-10.com/brand/20921.html
厨柜/衣柜定制,装修/空间改造,http://www.china-10.com/brand/1793.html
厨柜/衣柜定制,房产家居,http://www.china-10.com/brand/7863.html
地板/瓷砖,釉面砖,http://www.china-10.com/brand/533.html
地板/瓷砖,装修/空间改造,http://www.china-10.com/brand/96.html
吊顶/板材,壁纸/墙饰/墙漆,http://www.china-10.com/brand/48080.html
地板/瓷砖,瓷砖/地板砖,http://www.china-10.com/brand/53882.html
地板/瓷砖,大理石瓷砖,http://www.china-10.com/brand/520.html
地板/瓷砖,户型/房屋类型,http://www.china-10.com/brand/1363.html
地板/瓷砖,户型/房屋类型,http://www.china-10.com/brand/520.html
地板/瓷砖,房产家居,http://www.china-10.com/brand/7866.html
吊顶/板材,生态板-免漆板,http://www.china-10.com/brand/18955.html
厨柜/衣柜定制,装修/空间改造,http://www.china-10.com/brand/47235.html
吊顶/板材,生态板-免漆板,http://www.china-10.com/brand/38420.html
地板/瓷砖,房产家居,http://www.china-10.com/brand/7866.html
照明/灯饰,吊扇灯,http://www.china-10.com/brand/17276.html
地板/瓷砖,釉面砖,http://www.china-10.com/brand/520.html
吊顶/板材,厨房风水,http://www.china-10.com/brand/36169.html
吊顶/板材,壁纸/墙饰/墙漆,http://www.china-10.com/brand/60192.html
门/锁/窗/楼梯,功能空间,http://www.china-10.com/brand/11190.html
电工/工具/五金,建工/机械设备,http://www.china-10.com/brand/54441.html
吊顶/板材,厨房风水,http://www.china-10.com/brand/41807.html
建筑材料/消防,美缝剂,http://www.china-10.com/brand/57834.html
厨柜/衣柜定制,装修/空间改造,http://www.china-10.com/brand/7865.html
电工/工具/五金,建工/机械设备,http://www.china-10.com/brand/37648.html
厨柜/衣柜定制,房产家居,http://www.china-10.com/brand/37672.html
门/锁/窗/楼梯,功能空间,http://www.china-10.com/brand/17314.html
厨柜/衣柜定制,房产家居,http://www.china-10.com/brand/7865.html
卫浴洁具浴室,洁身器/马桶盖,http://www.china-10.com/brand/26376.html
地板/瓷砖,户型/房屋类型,http://www.china-10.com/brand/16476.html
照明/灯饰,光源-灯泡,http://www.china-10.com/brand/24329.html
卫浴洁具浴室,浴缸,http://www.china-10.com/brand/13922.html
涂料/墙饰/壁纸,防水涂料,http://www.china-10.com/brand/57834.html
照明/灯饰,照明灯具,http://www.china-10.com/brand/7344.html
吊顶/板材,集成材-实木指接板,http://www.china-10.com/brand/38420.html
吊顶/板材,排气扇,http://www.china-10.com/brand/48140.html
地板/瓷砖,房产家居,http://www.china-10.com/brand/37691.html
电工/工具/五金,建工/机械设备,http://www.china-10.com/brand/37825.html
厨柜/衣柜定制,装修/空间改造,http://www.china-10.com/brand/21191.html
涂料/墙饰/壁纸,防水材料,http://www.china-10.com/brand/13809.html
厨柜/衣柜定制,装修/空间改造,http://www.china-10.com/brand/7866.html
地板/瓷砖,户型/房屋类型,http://www.china-10.com/brand/16928.html
厨柜/衣柜定制,装修/空间改造,http://www.china-10.com/brand/520.html
照明/灯饰,筒灯/射灯,http://www.china-10.com/brand/59659.html
厨柜/衣柜定制,房产家居,http://www.china-10.com/brand/37672.html
涂料/墙饰/壁纸,墙砖瓷片,http://www.china-10.com/brand/59241.html
涂料/墙饰/壁纸,壁纸墙纸,http://www.china-10.com/brand/36371.html
吊顶/板材,装饰板-板材,http://www.china-10.com/brand/38420.html
建筑材料/消防,玻璃胶,http://www.china-10.com/brand/48080.html
电工/工具/五金,五金挂件/太空铝,http://www.china-10.com/brand/160.html
门/锁/窗/楼梯,锁具/门锁,http://www.china-10.com/brand/35798.html
涂料/墙饰/壁纸,背景墙,http://www.china-10.com/brand/1133.html
照明/灯饰,吊扇灯,http://www.china-10.com/brand/55034.html
涂料/墙饰/壁纸,防水涂料,http://www.china-10.com/brand/8229.html
照明/灯饰,照明灯具,http://www.china-10.com/brand/22927.html
地板/瓷砖,户型/房屋类型,http://www.china-10.com/brand/1794.html
地板/瓷砖,装修/空间改造,http://www.china-10.com/brand/520.html
地板/瓷砖,户型/房屋类型,http://www.china-10.com/brand/25888.html
厨柜/衣柜定制,装修/空间改造,http://www.china-10.com/brand/520.html
地板/瓷砖,抛光砖,http://www.china-10.com/brand/520.html
吊顶/板材,壁纸/墙饰/墙漆,http://www.china-10.com/brand/1133.html
吊顶/板材,装饰板-板材,http://www.china-10.com/brand/55278.html
门/锁/窗/楼梯,防盗门-安全门,http://www.china-10.com/brand/59659.html
厨柜/衣柜定制,装修/空间改造,http://www.china-10.com/brand/39694.html
地板/瓷砖,户型/房屋类型,http://www.china-10.com/brand/96.html
电工/工具/五金,扳手,http://www.china-10.com/brand/47829.html
地板/瓷砖,户型/房屋类型,http://www.china-10.com/brand/1135.html
卫浴洁具浴室,五金挂件/太空铝,http://www.china-10.com/brand/17965.html
地板/瓷砖,房产家居,http://www.china-10.com/brand/54987.html
照明/灯饰,水晶灯/吊灯,http://www.china-10.com/brand/22920.html
电工/工具/五金,锁具/门锁,http://www.china-10.com/brand/7972.html
厨柜/衣柜定制,卧室风水,http://www.china-10.com/brand/16474.html
吊顶/板材,细木工板-大芯板,http://www.china-10.com/brand/38420.html
地板/瓷砖,户型/房屋类型,http://www.china-10.com/brand/36243.html
涂料/墙饰/壁纸,壁纸墙纸,http://www.china-10.com/brand/47235.html
电工/工具/五金,建工/机械设备,http://www.china-10.com/brand/50100.html
卫浴洁具浴室,五金挂件/太空铝,http://www.china-10.com/brand/160.html
照明/灯饰,吸顶灯,http://www.china-10.com/brand/40342.html
电工/工具/五金,五金挂件/太空铝,http://www.china-10.com/brand/160.html
涂料/墙饰/壁纸,地板漆,http://www.china-10.com/brand/1176.html
地板/瓷砖,实木地板,http://www.china-10.com/brand/11111.html
卫浴洁具浴室,浴室柜-台盆柜,http://www.china-10.com/brand/13922.html
地板/瓷砖,户型/房屋类型,http://www.china-10.com/brand/2096.html
门/锁/窗/楼梯,功能空间,http://www.china-10.com/brand/42797.html
涂料/墙饰/壁纸,防水材料,http://www.china-10.com/brand/48080.html
门/锁/窗/楼梯,防盗门-安全门,http://www.china-10.com/brand/2096.html
管道电线电缆布线,转接线/数据线,http://www.china-10.com/brand/6727.html
涂料/墙饰/壁纸,地板漆,http://www.china-10.com/brand/59084.html
厨柜/衣柜定制,厨房风水,http://www.china-10.com/brand/39694.html
厨柜/衣柜定制,厨柜/整体厨房,http://www.china-10.com/brand/39264.html
门/锁/窗/楼梯,锁具/门锁,http://www.china-10.com/brand/24744.html
地板/瓷砖,装修/空间改造,http://www.china-10.com/brand/28259.html
地板/瓷砖,户型/房屋类型,http://www.china-10.com/brand/40342.html
地板/瓷砖,装修/空间改造,http://www.china-10.com/brand/1176.html
电工/工具/五金,电工,http://www.china-10.com/brand/9273.html
地板/瓷砖,户型/房屋类型,http://www.china-10.com/brand/25696.html
地板/瓷砖,房产家居,http://www.china-10.com/brand/7870.html
厨柜/衣柜定制,装修/空间改造,http://www.china-10.com/brand/42.html
吊顶/板材,生态板-免漆板,http://www.china-10.com/brand/23361.html
门/锁/窗/楼梯,木门-复合套装门,http://www.china-10.com/brand/37423.html
厨柜/衣柜定制,装修/空间改造,http://www.china-10.com/brand/114.html
地板/瓷砖,地板,http://www.china-10.com/brand/59659.html
地板/瓷砖,装修/空间改造,http://www.china-10.com/brand/23569.html
涂料/墙饰/壁纸,乳胶漆-墙漆,http://www.china-10.com/brand/1243.html
地板/瓷砖,多层木地板,http://www.china-10.com/brand/59659.html
吊顶/板材,壁纸/墙饰/墙漆,http://www.china-10.com/brand/7865.html
管道电线电缆布线,转接线/数据线,http://www.china-10.com/brand/37419.html
涂料/墙饰/壁纸,墙布-壁布,http://www.china-10.com/brand/1131.html
涂料/墙饰/壁纸,背景墙,http://www.china-10.com/brand/42855.html
门/锁/窗/楼梯,铝合金门窗,http://www.china-10.com/brand/2096.html
门/锁/窗/楼梯,锁具/门锁,http://www.china-10.com/brand/59659.html
管道电线电缆布线,电线电缆,http://www.china-10.com/brand/4765.html
照明/灯饰,照明灯具,http://www.china-10.com/brand/37596.html
吊顶/板材,集成吊顶,http://www.china-10.com/brand/59659.html
吊顶/板材,生态板-免漆板,http://www.china-10.com/brand/38517.html
照明/灯饰,吊扇灯,http://www.china-10.com/brand/17276.html
地板/瓷砖,多层木地板,http://www.china-10.com/brand/46287.html
地板/瓷砖,木纹砖,http://www.china-10.com/brand/520.html
地板/瓷砖,墙砖瓷片,http://www.china-10.com/brand/520.html
建筑材料/消防,吊顶/板材,http://www.china-10.com/brand/59687.html
地板/瓷砖,户型/房屋类型,http://www.china-10.com/brand/2678.html
门/锁/窗/楼梯,功能空间,http://www.china-10.com/brand/1135.html
涂料/墙饰/壁纸,油漆涂料,http://www.china-10.com/brand/11190.html
吊顶/板材,厨房风水,http://www.china-10.com/brand/2096.html
电工/工具/五金,开关插座,http://www.china-10.com/brand/1390.html
电工/工具/五金,日用五金制品,http://www.china-10.com/brand/836.html
电工/工具/五金,五金挂件/太空铝,http://www.china-10.com/brand/160.html
电工/工具/五金,建工/机械设备,http://www.china-10.com/brand/54441.html
吊顶/板材,排气扇,http://www.china-10.com/brand/48140.html
地板/瓷砖,风格/款式,http://www.china-10.com/brand/887.html
涂料/墙饰/壁纸,防水涂料,http://www.china-10.com/brand/7594.html
电工/工具/五金,五金挂件/太空铝,http://www.china-10.com/brand/47349.html
涂料/墙饰/壁纸,防水材料,http://www.china-10.com/brand/57834.html
吊顶/板材,厨房,http://www.china-10.com/brand/13897.html
照明/灯饰,照明灯具,http://www.china-10.com/brand/11591.html
地板/瓷砖,风格/款式,http://www.china-10.com/brand/160.html
门/锁/窗/楼梯,指纹锁-智能锁,http://www.china-10.com/brand/29107.html
厨柜/衣柜定制,装修/空间改造,http://www.china-10.com/brand/18955.html
地板/瓷砖,房产家居,http://www.china-10.com/brand/59895.html
门/锁/窗/楼梯,锁具/门锁,http://www.china-10.com/brand/24744.html
地板/瓷砖,房产家居,http://www.china-10.com/brand/37672.html
电工/工具/五金,电线电缆,http://www.china-10.com/brand/48286.html
建筑材料/消防,吊顶/板材,http://www.china-10.com/brand/38502.html
电工/工具/五金,日用五金制品,http://www.china-10.com/brand/29844.html
地板/瓷砖,装修/空间改造,http://www.china-10.com/brand/18955.html
建筑材料/消防,美缝剂,http://www.china-10.com/brand/48080.html
照明/灯饰,LED灯-节能灯,http://www.china-10.com/brand/22927.html
照明/灯饰,照明灯具,http://www.china-10.com/brand/19134.html
卫浴洁具浴室,卫浴洁具,http://www.china-10.com/brand/27581.html
门/锁/窗/楼梯,功能空间,http://www.china-10.com/brand/1176.html
地板/瓷砖,房产家居,http://www.china-10.com/brand/37691.html
涂料/墙饰/壁纸,油漆涂料,http://www.china-10.com/brand/8229.html
照明/灯饰,吊扇灯,http://www.china-10.com/brand/17273.html
建筑材料/消防,吊顶/板材,http://www.china-10.com/brand/16928.html
地板/瓷砖,户型/房屋类型,http://www.china-10.com/brand/1794.html
管道电线电缆布线,转接线/数据线,http://www.china-10.com/brand/62427.html
照明/灯饰,灯饰/复古灯,http://www.china-10.com/brand/40342.html
地板/瓷砖,风格/款式,http://www.china-10.com/brand/54131.html
电工/工具/五金,继电器,http://www.china-10.com/brand/56843.html
照明/灯饰,光源-灯泡,http://www.china-10.com/brand/54924.html
地板/瓷砖,装修/空间改造,http://www.china-10.com/brand/20921.html
电工/工具/五金,电线电缆,http://www.china-10.com/brand/11871.html
地板/瓷砖,房产家居,http://www.china-10.com/brand/28633.html
涂料/墙饰/壁纸,油漆涂料,http://www.china-10.com/brand/8359.html
厨柜/衣柜定制,装修/空间改造,http://www.china-10.com/brand/29848.html
照明/灯饰,LED灯-节能灯,http://www.china-10.com/brand/22928.html
照明/灯饰,照明灯具,http://www.china-10.com/brand/54595.html
电工/工具/五金,锁具/门锁,http://www.china-10.com/brand/24744.html
吊顶/板材,集成吊顶,http://www.china-10.com/brand/16928.html
涂料/墙饰/壁纸,壁纸墙纸,http://www.china-10.com/brand/23570.html
地板/瓷砖,微晶石,http://www.china-10.com/brand/19007.html
电工/工具/五金,装饰五金,http://www.china-10.com/brand/1835.html
电工/工具/五金,电锤电钻,http://www.china-10.com/brand/35662.html
门/锁/窗/楼梯,家用梯,http://www.china-10.com/brand/57794.html
照明/灯饰,照明灯具,http://www.china-10.com/brand/96.html
电工/工具/五金,排插-插座,http://www.china-10.com/brand/15680.html
电工/工具/五金,开关插座,http://www.china-10.com/brand/55535.html
地板/瓷砖,装修/空间改造,http://www.china-10.com/brand/16505.html
地板/瓷砖,房产家居,http://www.china-10.com/brand/7863.html
地板/瓷砖,户型/房屋类型,http://www.china-10.com/brand/17276.html
电工/工具/五金,电线电缆,http://www.china-10.com/brand/11839.html
门/锁/窗/楼梯,锁具/门锁,http://www.china-10.com/brand/11787.html
地板/瓷砖,装修/空间改造,http://www.china-10.com/brand/14222.html
地板/瓷砖,装修/空间改造,http://www.china-10.com/brand/11861.html
厨柜/衣柜定制,房产家居,http://www.china-10.com/brand/19743.html
建筑材料/消防,活性炭,http://www.china-10.com/brand/15644.html
电工/工具/五金,排插-插座,http://www.china-10.com/brand/9273.html
照明/灯饰,光源-灯泡,http://www.china-10.com/brand/7449.html
地板/瓷砖,风格/款式,http://www.china-10.com/brand/7506.html
地板/瓷砖,户型/房屋类型,http://www.china-10.com/brand/22173.html
电工/工具/五金,锁具/门锁,http://www.china-10.com/brand/24744.html
建筑材料/消防,吊顶/板材,http://www.china-10.com/brand/38420.html
吊顶/板材,厨房,http://www.china-10.com/brand/996.html
电工/工具/五金,开关插座,http://www.china-10.com/brand/39937.html
地板/瓷砖,装修/空间改造,http://www.china-10.com/brand/10166.html
电工/工具/五金,五金挂件/太空铝,http://www.china-10.com/brand/55611.html
门/锁/窗/楼梯,钢木门,http://www.china-10.com/brand/28873.html
地板/瓷砖,大理石瓷砖,http://www.china-10.com/brand/36764.html
地板/瓷砖,户型/房屋类型,http://www.china-10.com/brand/24000.html
门/锁/窗/楼梯,家用梯,http://www.china-10.com/brand/57794.html
门/锁/窗/楼梯,静音门/卧室门,http://www.china-10.com/brand/47341.html
厨柜/衣柜定制,装修/空间改造,http://www.china-10.com/brand/19000.html
地板/瓷砖,户型/房屋类型,http://www.china-10.com/brand/2574.html
建筑材料/消防,瓷砖胶/粘合剂,http://www.china-10.com/brand/7594.html
照明/灯饰,吊扇灯,http://www.china-10.com/brand/55034.html
建筑材料/消防,活性炭,http://www.china-10.com/brand/55031.html
门/锁/窗/楼梯,指纹锁-智能锁,http://www.china-10.com/brand/24744.html
地板/瓷砖,装修/空间改造,http://www.china-10.com/brand/1131.html
照明/灯饰,吊扇灯,http://www.china-10.com/brand/17276.html
涂料/墙饰/壁纸,壁纸墙纸,http://www.china-10.com/brand/36304.html
地板/瓷砖,木纹砖,http://www.china-10.com/brand/520.html
管道电线电缆布线,转接线/数据线,http://www.china-10.com/brand/61668.html
建筑材料/消防,吊顶/板材,http://www.china-10.com/brand/38493.html
地板/瓷砖,瓷砖/地板砖,http://www.china-10.com/brand/520.html
门/锁/窗/楼梯,密码锁-电子锁,http://www.china-10.com/brand/35798.html
地板/瓷砖,装修/空间改造,http://www.china-10.com/brand/16928.html
涂料/墙饰/壁纸,壁纸墙纸,http://www.china-10.com/brand/47350.html
地板/瓷砖,风格/款式,http://www.china-10.com/brand/887.html
涂料/墙饰/壁纸,墙布-壁布,http://www.china-10.com/brand/47235.html
涂料/墙饰/壁纸,背景墙,http://www.china-10.com/brand/23569.html
卫浴洁具浴室,卫浴洁具,http://www.china-10.com/brand/160.html
电工/工具/五金,手动工具,http://www.china-10.com/brand/29845.html
门/锁/窗/楼梯,功能空间,http://www.china-10.com/brand/1176.html
电工/工具/五金,开关插座,http://www.china-10.com/brand/55535.html
地板/瓷砖,装修/空间改造,http://www.china-10.com/brand/36818.html
管道电线电缆布线,转接线/数据线,http://www.china-10.com/brand/15590.html
电工/工具/五金,五金挂件/太空铝,http://www.china-10.com/brand/47773.html
地板/瓷砖,房产家居,http://www.china-10.com/brand/1503.html
地板/瓷砖,户型/房屋类型,http://www.china-10.com/brand/13922.html
照明/灯饰,照明灯具,http://www.china-10.com/brand/46346.html
照明/灯饰,照明灯具,http://www.china-10.com/brand/59659.html
涂料/墙饰/壁纸,背景墙,http://www.china-10.com/brand/23570.html
地板/瓷砖,户型/房屋类型,http://www.china-10.com/brand/19294.html
建筑材料/消防,软管,http://www.china-10.com/brand/160.html
厨柜/衣柜定制,装修/空间改造,http://www.china-10.com/brand/13491.html
照明/灯饰,吊扇灯,http://www.china-10.com/brand/17274.html
管道电线电缆布线,转接线/数据线,http://www.china-10.com/brand/35625.html
照明/灯饰,LED灯-节能灯,http://www.china-10.com/brand/46348.html
电工/工具/五金,电线电缆,http://www.china-10.com/brand/22286.html
涂料/墙饰/壁纸,壁纸墙纸,http://www.china-10.com/brand/1133.html
门/锁/窗/楼梯,铝合金门窗,http://www.china-10.com/brand/1793.html
电工/工具/五金,电动螺丝刀,http://www.china-10.com/brand/29848.html
建筑材料/消防,吊顶/板材,http://www.china-10.com/brand/39694.html
建筑材料/消防,吊顶/板材,http://www.china-10.com/brand/38517.html
厨柜/衣柜定制,房产家居,http://www.china-10.com/brand/43625.html
门/锁/窗/楼梯,百叶帘卷帘,http://www.china-10.com/brand/42797.html
照明/灯饰,吊扇灯,http://www.china-10.com/brand/55034.html
电工/工具/五金,锁具/门锁,http://www.china-10.com/brand/11787.html
门/锁/窗/楼梯,功能空间,http://www.china-10.com/brand/4292.html
涂料/墙饰/壁纸,墙砖瓷片,http://www.china-10.com/brand/520.html
照明/灯饰,LED灯-节能灯,http://www.china-10.com/brand/1534.html
电工/工具/五金,五金挂件/太空铝,http://www.china-10.com/brand/28633.html
电工/工具/五金,建工/机械设备,http://www.china-10.com/brand/21660.html
门/锁/窗/楼梯,功能空间,http://www.china-10.com/brand/28259.html
电工/工具/五金,建工/机械设备,http://www.china-10.com/brand/54434.html
地板/瓷砖,户型/房屋类型,http://www.china-10.com/brand/28259.html
门/锁/窗/楼梯,静音门/卧室门,http://www.china-10.com/brand/59659.html
涂料/墙饰/壁纸,墙布-壁布,http://www.china-10.com/brand/35817.html
涂料/墙饰/壁纸,墙布-壁布,http://www.china-10.com/brand/47350.html
建筑材料/消防,吊顶/板材,http://www.china-10.com/brand/13897.html
门/锁/窗/楼梯,铝合金门窗,http://www.china-10.com/brand/21992.html
门/锁/窗/楼梯,功能空间,http://www.china-10.com/brand/23569.html
电工/工具/五金,装饰五金,http://www.china-10.com/brand/1827.html
建筑材料/消防,活性炭,http://www.china-10.com/brand/48992.html
电工/工具/五金,电工,http://www.china-10.com/brand/7449.html
地板/瓷砖,房产家居,http://www.china-10.com/brand/54987.html
电工/工具/五金,电线电缆,http://www.china-10.com/brand/36530.html
卫浴洁具浴室,淋浴房,http://www.china-10.com/brand/59659.html
门/锁/窗/楼梯,功能空间,http://www.china-10.com/brand/57935.html
涂料/墙饰/壁纸,油漆涂料,http://www.china-10.com/brand/8359.html
地板/瓷砖,装修/空间改造,http://www.china-10.com/brand/7490.html
管道电线电缆布线,电线电缆,http://www.china-10.com/brand/22286.html
电工/工具/五金,排插-插座,http://www.china-10.com/brand/16405.html
门/锁/窗/楼梯,指纹锁-智能锁,http://www.china-10.com/brand/24744.html
电工/工具/五金,电线电缆,http://www.china-10.com/brand/4765.html
电工/工具/五金,排插-插座,http://www.china-10.com/brand/16874.html
地板/瓷砖,户型/房屋类型,http://www.china-10.com/brand/28633.html
照明/灯饰,照明灯具,http://www.china-10.com/brand/59659.html
厨柜/衣柜定制,装修/空间改造,http://www.china-10.com/brand/7870.html
照明/灯饰,吊扇灯,http://www.china-10.com/brand/17273.html
涂料/墙饰/壁纸,木器漆-家具漆,http://www.china-10.com/brand/20873.html
门/锁/窗/楼梯,防火门,http://www.china-10.com/brand/2096.html
照明/灯饰,水晶灯/吊灯,http://www.china-10.com/brand/24726.html
门/锁/窗/楼梯,锁具/门锁,http://www.china-10.com/brand/11787.html
地板/瓷砖,户型/房屋类型,http://www.china-10.com/brand/4.html
建筑材料/消防,吊顶/板材,http://www.china-10.com/brand/38420.html
地板/瓷砖,房产家居,http://www.china-10.com/brand/7898.html
地板/瓷砖,地板,http://www.china-10.com/brand/13491.html
地板/瓷砖,装修/空间改造,http://www.china-10.com/brand/2678.html
电工/工具/五金,电锤电钻,http://www.china-10.com/brand/11289.html
照明/灯饰,吊扇灯,http://www.china-10.com/brand/17276.html
电工/工具/五金,锁具/门锁,http://www.china-10.com/brand/7972.html
吊顶/板材,浴霸-风暖,http://www.china-10.com/brand/36169.html
照明/灯饰,LED灯-节能灯,http://www.china-10.com/brand/22928.html
地板/瓷砖,装修/空间改造,http://www.china-10.com/brand/1793.html
电工/工具/五金,电动工具,http://www.china-10.com/brand/29848.html
门/锁/窗/楼梯,推拉门-移门,http://www.china-10.com/brand/47341.html
地板/瓷砖,装修/空间改造,http://www.china-10.com/brand/1133.html
涂料/墙饰/壁纸,防水涂料,http://www.china-10.com/brand/57834.html
照明/灯饰,光源-灯泡,http://www.china-10.com/brand/21908.html
照明/灯饰,筒灯/射灯,http://www.china-10.com/brand/46348.html
门/锁/窗/楼梯,推拉门-移门,http://www.china-10.com/brand/59659.html
门/锁/窗/楼梯,指纹锁-智能锁,http://www.china-10.com/brand/51492.html
地板/瓷砖,风格/款式,http://www.china-10.com/brand/17330.html
门/锁/窗/楼梯,指纹锁-智能锁,http://www.china-10.com/brand/11787.html
电工/工具/五金,锁具/门锁,http://www.china-10.com/brand/24769.html
电工/工具/五金,电锤电钻,http://www.china-10.com/brand/29848.html
卫浴洁具浴室,浴缸,http://www.china-10.com/brand/28633.html
门/锁/窗/楼梯,自动门,http://www.china-10.com/brand/24744.html
地板/瓷砖,装修/空间改造,http://www.china-10.com/brand/11864.html
照明/灯饰,照明灯具,http://www.china-10.com/brand/46346.html
电工/工具/五金,电动螺丝刀,http://www.china-10.com/brand/29848.html
门/锁/窗/楼梯,指纹锁-智能锁,http://www.china-10.com/brand/24744.html
管道电线电缆布线,转接线/数据线,http://www.china-10.com/brand/36615.html
电工/工具/五金,日用五金制品,http://www.china-10.com/brand/160.html
门/锁/窗/楼梯,锁具/门锁,http://www.china-10.com/brand/35798.html
管道电线电缆布线,网线/USB线,http://www.china-10.com/brand/9273.html
电工/工具/五金,开关插座,http://www.china-10.com/brand/11592.html
门/锁/窗/楼梯,定制门-室内门,http://www.china-10.com/brand/2126.html
地板/瓷砖,房产家居,http://www.china-10.com/brand/57940.html
电工/工具/五金,扳手,http://www.china-10.com/brand/38095.html
地板/瓷砖,玻化砖,http://www.china-10.com/brand/520.html
门/锁/窗/楼梯,功能空间,http://www.china-10.com/brand/1135.html
门/锁/窗/楼梯,锁具/门锁,http://www.china-10.com/brand/24734.html
厨柜/衣柜定制,装修/空间改造,http://www.china-10.com/brand/19025.html
建筑材料/消防,吊顶/板材,http://www.china-10.com/brand/59780.html
电工/工具/五金,日用五金制品,http://www.china-10.com/brand/17874.html
门/锁/窗/楼梯,百叶帘卷帘,http://www.china-10.com/brand/26627.html
卫浴洁具浴室,洁身器/马桶盖,http://www.china-10.com/brand/406.html
电工/工具/五金,锁具/门锁,http://www.china-10.com/brand/47349.html
电工/工具/五金,建工/机械设备,http://www.china-10.com/brand/15761.html
门/锁/窗/楼梯,钢木门,http://www.china-10.com/brand/28873.html
建筑材料/消防,美缝剂,http://www.china-10.com/brand/49597.html
电工/工具/五金,锁具/门锁,http://www.china-10.com/brand/7972.html
照明/灯饰,LED灯-节能灯,http://www.china-10.com/brand/22173.html
电工/工具/五金,五金挂件/太空铝,http://www.china-10.com/brand/20833.html
电工/工具/五金,开关插座,http://www.china-10.com/brand/38653.html
门/锁/窗/楼梯,门吸-门配件,http://www.china-10.com/brand/1827.html
门/锁/窗/楼梯,原木门-实木门,http://www.china-10.com/brand/21801.html
电工/工具/五金,空气开关/断路器,http://www.china-10.com/brand/21710.html
电工/工具/五金,开关插座,http://www.china-10.com/brand/9273.html
门/锁/窗/楼梯,功能空间,http://www.china-10.com/brand/16928.html
涂料/墙饰/壁纸,乳胶漆-墙漆,http://www.china-10.com/brand/7594.html
涂料/墙饰/壁纸,墙布-壁布,http://www.china-10.com/brand/47235.html
管道电线电缆布线,转接线/数据线,http://www.china-10.com/brand/37354.html
卫浴洁具浴室,电热水器,http://www.china-10.com/brand/40958.html
地板/瓷砖,瓷砖/地板砖,http://www.china-10.com/brand/520.html
照明/灯饰,灯饰/复古灯,http://www.china-10.com/brand/40342.html
门/锁/窗/楼梯,密码锁-电子锁,http://www.china-10.com/brand/35798.html
照明/灯饰,台灯/护眼灯,http://www.china-10.com/brand/25890.html
建筑材料/消防,吊顶/板材,http://www.china-10.com/brand/16928.html
门/锁/窗/楼梯,功能空间,http://www.china-10.com/brand/37005.html
卫浴洁具浴室,卫浴洁具,http://www.china-10.com/brand/160.html
门/锁/窗/楼梯,防盗门-安全门,http://www.china-10.com/brand/28873.html
电工/工具/五金,扳手,http://www.china-10.com/brand/29844.html
电工/工具/五金,手动工具,http://www.china-10.com/brand/39096.html
地板/瓷砖,风格/款式,http://www.china-10.com/brand/28854.html
照明/灯饰,吸顶灯,http://www.china-10.com/brand/22928.html
电工/工具/五金,日用五金制品,http://www.china-10.com/brand/6479.html
电工/工具/五金,水平仪,http://www.china-10.com/brand/23981.html
管道电线电缆布线,转接线/数据线,http://www.china-10.com/brand/36739.html
电工/工具/五金,五金挂件/太空铝,http://www.china-10.com/brand/59732.html
电工/工具/五金,五金挂件/太空铝,http://www.china-10.com/brand/160.html
涂料/墙饰/壁纸,乳胶漆-墙漆,http://www.china-10.com/brand/1176.html
地板/瓷砖,户型/房屋类型,http://www.china-10.com/brand/12916.html
照明/灯饰,应急灯,http://www.china-10.com/brand/58563.html
照明/灯饰,灯饰/复古灯,http://www.china-10.com/brand/22920.html
电工/工具/五金,锁具/门锁,http://www.china-10.com/brand/11787.html
门/锁/窗/楼梯,防盗窗-防盗网,http://www.china-10.com/brand/11741.html
电工/工具/五金,排插-插座,http://www.china-10.com/brand/16878.html
电工/工具/五金,日用五金制品,http://www.china-10.com/brand/836.html
门/锁/窗/楼梯,指纹锁-智能锁,http://www.china-10.com/brand/55041.html
电工/工具/五金,日用五金制品,http://www.china-10.com/brand/160.html
电工/工具/五金,锁具/门锁,http://www.china-10.com/brand/7972.html
地板/瓷砖,户型/房屋类型,http://www.china-10.com/brand/37611.html
管道电线电缆布线,转接线/数据线,http://www.china-10.com/brand/61668.html
卫浴洁具浴室,镜子,http://www.china-10.com/brand/54966.html
电工/工具/五金,装饰五金,http://www.china-10.com/brand/40821.html
地板/瓷砖,户型/房屋类型,http://www.china-10.com/brand/2249.html
门/锁/窗/楼梯,自动门,http://www.china-10.com/brand/11787.html
管道电线电缆布线,转接线/数据线,http://www.china-10.com/brand/58892.html
照明/灯饰,照明灯具,http://www.china-10.com/brand/22927.html
电工/工具/五金,电线电缆,http://www.china-10.com/brand/47346.html
电工/工具/五金,电动工具,http://www.china-10.com/brand/29853.html
电工/工具/五金,五金挂件/太空铝,http://www.china-10.com/brand/59727.html
管道电线电缆布线,网线/USB线,http://www.china-10.com/brand/14125.html
电工/工具/五金,建工/机械设备,http://www.china-10.com/brand/54430.html
门/锁/窗/楼梯,铰链-合页-滑轨,http://www.china-10.com/brand/1835.html
门/锁/窗/楼梯,密码锁-电子锁,http://www.china-10.com/brand/51492.html
厨柜/衣柜定制,房产家居,http://www.china-10.com/brand/7866.html
管道电线电缆布线,转接线/数据线,http://www.china-10.com/brand/37354.html
门/锁/窗/楼梯,门吸-门配件,http://www.china-10.com/brand/1827.html
管道电线电缆布线,转接线/数据线,http://www.china-10.com/brand/61668.html
卫浴洁具浴室,卫浴洁具,http://www.china-10.com/brand/27275.html
吊顶/板材,细木工板-大芯板,http://www.china-10.com/brand/38519.html
门/锁/窗/楼梯,定制门-室内门,http://www.china-10.com/brand/59659.html
管道电线电缆布线,三通,http://www.china-10.com/brand/160.html
门/锁/窗/楼梯,防盗门-安全门,http://www.china-10.com/brand/18552.html
门/锁/窗/楼梯,指纹锁-智能锁,http://www.china-10.com/brand/7972.html
门/锁/窗/楼梯,指纹锁-智能锁,http://www.china-10.com/brand/51492.html
卫浴洁具浴室,角阀,http://www.china-10.com/brand/160.html
地板/瓷砖,房产家居,http://www.china-10.com/brand/13638.html
地板/瓷砖,瓷砖/地板砖,http://www.china-10.com/brand/14222.html
管道电线电缆布线,转接线/数据线,http://www.china-10.com/brand/59888.html
地板/瓷砖,户型/房屋类型,http://www.china-10.com/brand/36085.html
门/锁/窗/楼梯,指纹锁-智能锁,http://www.china-10.com/brand/7972.html
电工/工具/五金,排插-插座,http://www.china-10.com/brand/7492.html
门/锁/窗/楼梯,锁具/门锁,http://www.china-10.com/brand/14115.html
照明/灯饰,吊扇灯,http://www.china-10.com/brand/55544.html
厨柜/衣柜定制,装修/空间改造,http://www.china-10.com/brand/46287.html
电工/工具/五金,开关插座,http://www.china-10.com/brand/1386.html
电工/工具/五金,排插-插座,http://www.china-10.com/brand/1390.html
涂料/墙饰/壁纸,油漆涂料,http://www.china-10.com/brand/1176.html
门/锁/窗/楼梯,指纹锁-智能锁,http://www.china-10.com/brand/7972.html
电工/工具/五金,电锤电钻,http://www.china-10.com/brand/29848.html
门/锁/窗/楼梯,功能空间,http://www.china-10.com/brand/2188.html
电工/工具/五金,电线电缆,http://www.china-10.com/brand/39785.html
卫浴洁具浴室,地漏,http://www.china-10.com/brand/15007.html
电工/工具/五金,五金挂件/太空铝,http://www.china-10.com/brand/160.html
吊顶/板材,壁纸/墙饰/墙漆,http://www.china-10.com/brand/58832.html
管道电线电缆布线,电线电缆,http://www.china-10.com/brand/55758.html
卫浴洁具浴室,地漏,http://www.china-10.com/brand/169.html
门/锁/窗/楼梯,厨卫门/玻璃门,http://www.china-10.com/brand/21801.html
吊顶/板材,厨房,http://www.china-10.com/brand/1166.html
门/锁/窗/楼梯,指纹锁-智能锁,http://www.china-10.com/brand/24744.html
门/锁/窗/楼梯,衣柜门,http://www.china-10.com/brand/21023.html
管道电线电缆布线,电线电缆,http://www.china-10.com/brand/47346.html
电工/工具/五金,五金挂件/太空铝,http://www.china-10.com/brand/160.html
照明/灯饰,筒灯/射灯,http://www.china-10.com/brand/46348.html
涂料/墙饰/壁纸,墙砖瓷片,http://www.china-10.com/brand/520.html
电工/工具/五金,日用五金制品,http://www.china-10.com/brand/13922.html
涂料/墙饰/壁纸,乳胶漆-墙漆,http://www.china-10.com/brand/23513.html
管道电线电缆布线,转接线/数据线,http://www.china-10.com/brand/61668.html
门/锁/窗/楼梯,锁具/门锁,http://www.china-10.com/brand/7972.html
门/锁/窗/楼梯,铰链-合页-滑轨,http://www.china-10.com/brand/24767.html
门/锁/窗/楼梯,生态门-健康门,http://www.china-10.com/brand/2096.html
电工/工具/五金,开关插座,http://www.china-10.com/brand/9273.html
门/锁/窗/楼梯,家用梯,http://www.china-10.com/brand/25259.html
地板/瓷砖,釉面砖,http://www.china-10.com/brand/59659.html
管道电线电缆布线,三通,http://www.china-10.com/brand/160.html
门/锁/窗/楼梯,时尚门,http://www.china-10.com/brand/1410.html
地板/瓷砖,地板漆,http://www.china-10.com/brand/1176.html
电工/工具/五金,日用五金制品,http://www.china-10.com/brand/160.html
卫浴洁具浴室,五金挂件/太空铝,http://www.china-10.com/brand/17965.html
电工/工具/五金,水平仪,http://www.china-10.com/brand/23983.html
电工/工具/五金,电锤电钻,http://www.china-10.com/brand/48990.html
门/锁/窗/楼梯,时尚门,http://www.china-10.com/brand/2096.html
电工/工具/五金,锁具/门锁,http://www.china-10.com/brand/35798.html
涂料/墙饰/壁纸,壁纸墙纸,http://www.china-10.com/brand/47235.html
涂料/墙饰/壁纸,油漆涂料,http://www.china-10.com/brand/1176.html
管道电线电缆布线,电线电缆,http://www.china-10.com/brand/22286.html
涂料/墙饰/壁纸,油漆涂料,http://www.china-10.com/brand/12997.html
涂料/墙饰/壁纸,墙布-壁布,http://www.china-10.com/brand/47236.html
门/锁/窗/楼梯,铝合金门窗,http://www.china-10.com/brand/1793.html
照明/灯饰,灯饰/复古灯,http://www.china-10.com/brand/40342.html
管道电线电缆布线,转接线/数据线,http://www.china-10.com/brand/23022.html
电工/工具/五金,排插-插座,http://www.china-10.com/brand/16876.html
地板/瓷砖,釉面砖,http://www.china-10.com/brand/59659.html
电工/工具/五金,排插-插座,http://www.china-10.com/brand/8586.html
管道电线电缆布线,电线电缆,http://www.china-10.com/brand/22286.html
门/锁/窗/楼梯,木门-复合套装门,http://www.china-10.com/brand/59659.html
门/锁/窗/楼梯,铝合金门窗,http://www.china-10.com/brand/1794.html
厨柜/衣柜定制,装修/空间改造,http://www.china-10.com/brand/9273.html
电工/工具/五金,水平仪,http://www.china-10.com/brand/23983.html
电工/工具/五金,五金挂件/太空铝,http://www.china-10.com/brand/40281.html
照明/灯饰,吸顶灯,http://www.china-10.com/brand/36085.html
卫浴洁具浴室,花洒,http://www.china-10.com/brand/160.html
电工/工具/五金,日用五金制品,http://www.china-10.com/brand/836.html
电工/工具/五金,机电仪器仪表,http://www.china-10.com/brand/6102.html
电工/工具/五金,电烙铁,http://www.china-10.com/brand/38651.html
门/锁/窗/楼梯,锁具/门锁,http://www.china-10.com/brand/24769.html
门/锁/窗/楼梯,钢木门,http://www.china-10.com/brand/2096.html
门/锁/窗/楼梯,门吸-门配件,http://www.china-10.com/brand/1452.html
电工/工具/五金,开关插座,http://www.china-10.com/brand/1389.html
涂料/墙饰/壁纸,壁纸墙纸,http://www.china-10.com/brand/1133.html
电工/工具/五金,开关插座,http://www.china-10.com/brand/16405.html
地板/瓷砖,木纹砖,http://www.china-10.com/brand/520.html
门/锁/窗/楼梯,锁具/门锁,http://www.china-10.com/brand/59659.html
门/锁/窗/楼梯,装甲门,http://www.china-10.com/brand/28873.html
门/锁/窗/楼梯,锁具/门锁,http://www.china-10.com/brand/35798.html
电工/工具/五金,装饰五金,http://www.china-10.com/brand/28633.html
卫浴洁具浴室,排气扇,http://www.china-10.com/brand/48140.html
地板/瓷砖,户型/房屋类型,http://www.china-10.com/brand/10072.html
电工/工具/五金,水平仪,http://www.china-10.com/brand/23981.html
门/锁/窗/楼梯,定制门-室内门,http://www.china-10.com/brand/59659.html
卫浴洁具浴室,浴霸-风暖,http://www.china-10.com/brand/59659.html
照明/灯饰,吸顶灯,http://www.china-10.com/brand/7344.html
电工/工具/五金,电工,http://www.china-10.com/brand/9273.html
照明/灯饰,筒灯/射灯,http://www.china-10.com/brand/36353.html
涂料/墙饰/壁纸,背景墙,http://www.china-10.com/brand/1131.html
门/锁/窗/楼梯,铰链-合页-滑轨,http://www.china-10.com/brand/24769.html
门/锁/窗/楼梯,时尚门,http://www.china-10.com/brand/59659.html
照明/灯饰,台灯/护眼灯,http://www.china-10.com/brand/25890.html
门/锁/窗/楼梯,锁具/门锁,http://www.china-10.com/brand/7972.html
涂料/墙饰/壁纸,壁纸墙纸,http://www.china-10.com/brand/59659.html
电工/工具/五金,电动工具,http://www.china-10.com/brand/35662.html
卫浴洁具浴室,淋浴房,http://www.china-10.com/brand/28633.html
地板/瓷砖,装修/空间改造,http://www.china-10.com/brand/7865.html
电工/工具/五金,锁具/门锁,http://www.china-10.com/brand/24769.html
门/锁/窗/楼梯,功能空间,http://www.china-10.com/brand/161.html
电工/工具/五金,空气开关/断路器,http://www.china-10.com/brand/29695.html
电工/工具/五金,机电仪器仪表,http://www.china-10.com/brand/61680.html
电工/工具/五金,电锤电钻,http://www.china-10.com/brand/29848.html
门/锁/窗/楼梯,自动门,http://www.china-10.com/brand/7972.html
涂料/墙饰/壁纸,墙布-壁布,http://www.china-10.com/brand/47350.html
照明/灯饰,灯带-灯条,http://www.china-10.com/brand/59659.html
门/锁/窗/楼梯,功能空间,http://www.china-10.com/brand/37005.html
照明/灯饰,照明灯具,http://www.china-10.com/brand/11575.html
吊顶/板材,厨房,http://www.china-10.com/brand/28259.html
地板/瓷砖,风格/款式,http://www.china-10.com/brand/4148.html
电工/工具/五金,机电仪器仪表,http://www.china-10.com/brand/6102.html
门/锁/窗/楼梯,推拉门-移门,http://www.china-10.com/brand/59659.html
照明/灯饰,照明灯具,http://www.china-10.com/brand/19135.html
电工/工具/五金,日用五金制品,http://www.china-10.com/brand/160.html
电工/工具/五金,电烙铁,http://www.china-10.com/brand/38651.html
建筑材料/消防,活性炭,http://www.china-10.com/brand/39961.html
门/锁/窗/楼梯,衣柜门,http://www.china-10.com/brand/60279.html
门/锁/窗/楼梯,铝合金门窗,http://www.china-10.com/brand/12483.html
门/锁/窗/楼梯,原木门-实木门,http://www.china-10.com/brand/59659.html
管道电线电缆布线,转接线/数据线,http://www.china-10.com/brand/35625.html
门/锁/窗/楼梯,衣柜门,http://www.china-10.com/brand/19025.html
卫浴洁具浴室,花洒,http://www.china-10.com/brand/160.html
电工/工具/五金,五金挂件/太空铝,http://www.china-10.com/brand/9212.html
吊顶/板材,厨房风水,http://www.china-10.com/brand/1008.html
卫浴洁具浴室,水龙头,http://www.china-10.com/brand/19026.html
卫浴洁具浴室,角阀,http://www.china-10.com/brand/160.html
地板/瓷砖,装修/空间改造,http://www.china-10.com/brand/39785.html
电工/工具/五金,五金挂件/太空铝,http://www.china-10.com/brand/13922.html
门/锁/窗/楼梯,装甲门,http://www.china-10.com/brand/2096.html
卫浴洁具浴室,水龙头,http://www.china-10.com/brand/160.html
地板/瓷砖,强化复合地板,http://www.china-10.com/brand/59659.html
电工/工具/五金,低压电器,http://www.china-10.com/brand/21660.html
照明/灯饰,吸顶灯,http://www.china-10.com/brand/59659.html
涂料/墙饰/壁纸,木器漆-家具漆,http://www.china-10.com/brand/1176.html
门/锁/窗/楼梯,推拉门-移门,http://www.china-10.com/brand/47341.html
门/锁/窗/楼梯,指纹锁-智能锁,http://www.china-10.com/brand/11787.html
地板/瓷砖,风格/款式,http://www.china-10.com/brand/25148.html
门/锁/窗/楼梯,指纹锁-智能锁,http://www.china-10.com/brand/7972.html
管道电线电缆布线,转接线/数据线,http://www.china-10.com/brand/15590.html
电工/工具/五金,锁具/门锁,http://www.china-10.com/brand/11781.html
门/锁/窗/楼梯,指纹锁-智能锁,http://www.china-10.com/brand/57510.html
门/锁/窗/楼梯,指纹锁-智能锁,http://www.china-10.com/brand/59659.html
吊顶/板材,壁纸/墙饰/墙漆,http://www.china-10.com/brand/23569.html
电工/工具/五金,建工/机械设备,http://www.china-10.com/brand/54441.html
地板/瓷砖,风格/款式,http://www.china-10.com/brand/37594.html
门/锁/窗/楼梯,装甲门,http://www.china-10.com/brand/2096.html
电工/工具/五金,日用五金制品,http://www.china-10.com/brand/3410.html
电工/工具/五金,电烙铁,http://www.china-10.com/brand/16437.html
管道电线电缆布线,电线电缆,http://www.china-10.com/brand/11874.html
电工/工具/五金,五金挂件/太空铝,http://www.china-10.com/brand/160.html
门/锁/窗/楼梯,防盗门-安全门,http://www.china-10.com/brand/37423.html
门/锁/窗/楼梯,门吸-门配件,http://www.china-10.com/brand/54968.html
门/锁/窗/楼梯,装甲门,http://www.china-10.com/brand/28873.html
电工/工具/五金,电线电缆,http://www.china-10.com/brand/11892.html
门/锁/窗/楼梯,指纹锁-智能锁,http://www.china-10.com/brand/7972.html
电工/工具/五金,排插-插座,http://www.china-10.com/brand/22173.html
门/锁/窗/楼梯,衣柜门,http://www.china-10.com/brand/59895.html
照明/灯饰,筒灯/射灯,http://www.china-10.com/brand/46348.html
电工/工具/五金,日用五金制品,http://www.china-10.com/brand/160.html
建筑材料/消防,美缝剂,http://www.china-10.com/brand/49595.html
电工/工具/五金,电线电缆,http://www.china-10.com/brand/22480.html
电工/工具/五金,机电仪器仪表,http://www.china-10.com/brand/6102.html
管道电线电缆布线,转接线/数据线,http://www.china-10.com/brand/58645.html
门/锁/窗/楼梯,推拉门-移门,http://www.china-10.com/brand/37423.html
门/锁/窗/楼梯,密码锁-电子锁,http://www.china-10.com/brand/35798.html
管道电线电缆布线,电线电缆,http://www.china-10.com/brand/11821.html
门/锁/窗/楼梯,锁具/门锁,http://www.china-10.com/brand/7972.html
门/锁/窗/楼梯,定制门-室内门,http://www.china-10.com/brand/2096.html
门/锁/窗/楼梯,锁具/门锁,http://www.china-10.com/brand/7972.html
电工/工具/五金,电烙铁,http://www.china-10.com/brand/39096.html
管道电线电缆布线,转接线/数据线,http://www.china-10.com/brand/36615.html
门/锁/窗/楼梯,定制门-室内门,http://www.china-10.com/brand/2096.html
卫浴洁具浴室,日用五金制品,http://www.china-10.com/brand/160.html
卫浴洁具浴室,五金挂件/太空铝,http://www.china-10.com/brand/46347.html
门/锁/窗/楼梯,木门-复合套装门,http://www.china-10.com/brand/21801.html
电工/工具/五金,开关插座,http://www.china-10.com/brand/7494.html
门/锁/窗/楼梯,功能空间,http://www.china-10.com/brand/36169.html
门/锁/窗/楼梯,指纹锁-智能锁,http://www.china-10.com/brand/29107.html
门/锁/窗/楼梯,时尚门,http://www.china-10.com/brand/21801.html
电工/工具/五金,五金挂件/太空铝,http://www.china-10.com/brand/59659.html
管道电线电缆布线,转接线/数据线,http://www.china-10.com/brand/61668.html
门/锁/窗/楼梯,静音门/卧室门,http://www.china-10.com/brand/59659.html
电工/工具/五金,五金挂件/太空铝,http://www.china-10.com/brand/59515.html
门/锁/窗/楼梯,门吸-门配件,http://www.china-10.com/brand/59659.html
电工/工具/五金,排插-插座,http://www.china-10.com/brand/16405.html
建筑材料/消防,吊顶/板材,http://www.china-10.com/brand/20921.html
门/锁/窗/楼梯,锁具/门锁,http://www.china-10.com/brand/35798.html
地板/瓷砖,装修/空间改造,http://www.china-10.com/brand/11111.html
电工/工具/五金,电线电缆,http://www.china-10.com/brand/22286.html
涂料/墙饰/壁纸,壁纸墙纸,http://www.china-10.com/brand/47350.html
门/锁/窗/楼梯,指纹锁-智能锁,http://www.china-10.com/brand/7972.html
地板/瓷砖,风格/款式,http://www.china-10.com/brand/3306.html
管道电线电缆布线,转接线/数据线,http://www.china-10.com/brand/61668.html
门/锁/窗/楼梯,功能空间,http://www.china-10.com/brand/20921.html
照明/灯饰,LED灯-节能灯,http://www.china-10.com/brand/37609.html
门/锁/窗/楼梯,锁具/门锁,http://www.china-10.com/brand/7972.html
地板/瓷砖,房产家居,http://www.china-10.com/brand/59873.html
门/锁/窗/楼梯,防盗门锁芯,http://www.china-10.com/brand/14698.html
电工/工具/五金,锁具/门锁,http://www.china-10.com/brand/59659.html
涂料/墙饰/壁纸,水性漆-环保漆,http://www.china-10.com/brand/1176.html
地板/瓷砖,瓷砖/地板砖,http://www.china-10.com/brand/520.html
门/锁/窗/楼梯,自动门,http://www.china-10.com/brand/7972.html
管道电线电缆布线,电线电缆,http://www.china-10.com/brand/8590.html
门/锁/窗/楼梯,铝合金门窗,http://www.china-10.com/brand/1794.html
管道电线电缆布线,电线电缆,http://www.china-10.com/brand/54098.html
卫浴洁具浴室,花洒,http://www.china-10.com/brand/169.html
门/锁/窗/楼梯,防盗窗-防盗网,http://www.china-10.com/brand/11739.html
门/锁/窗/楼梯,钢木门,http://www.china-10.com/brand/2096.html
卫浴洁具浴室,地漏,http://www.china-10.com/brand/160.html
电工/工具/五金,空气开关/断路器,http://www.china-10.com/brand/1389.html
涂料/墙饰/壁纸,壁纸墙纸,http://www.china-10.com/brand/1131.html
照明/灯饰,吸顶灯,http://www.china-10.com/brand/36243.html
电工/工具/五金,日用五金制品,http://www.china-10.com/brand/25259.html
照明/灯饰,照明灯具,http://www.china-10.com/brand/9316.html
门/锁/窗/楼梯,自动门,http://www.china-10.com/brand/55061.html
地板/瓷砖,木纹砖,http://www.china-10.com/brand/520.html
电工/工具/五金,电动工具,http://www.china-10.com/brand/11289.html
电工/工具/五金,电动螺丝刀,http://www.china-10.com/brand/29848.html
厨柜/衣柜定制,布衣柜,http://www.china-10.com/brand/25305.html
卫浴洁具浴室,水龙头,http://www.china-10.com/brand/28633.html
地板/瓷砖,户型/房屋类型,http://www.china-10.com/brand/520.html
门/锁/窗/楼梯,铝合金门窗,http://www.china-10.com/brand/37423.html
电工/工具/五金,日用五金制品,http://www.china-10.com/brand/3410.html
照明/灯饰,吊扇灯,http://www.china-10.com/brand/55034.html
门/锁/窗/楼梯,防盗窗-防盗网,http://www.china-10.com/brand/1793.html
门/锁/窗/楼梯,密码锁-电子锁,http://www.china-10.com/brand/35798.html
电工/工具/五金,五金挂件/太空铝,http://www.china-10.com/brand/160.html
电工/工具/五金,锁具/门锁,http://www.china-10.com/brand/35798.html
门/锁/窗/楼梯,功能空间,http://www.china-10.com/brand/490.html
电工/工具/五金,电动螺丝刀,http://www.china-10.com/brand/35662.html
门/锁/窗/楼梯,功能空间,http://www.china-10.com/brand/887.html
电工/工具/五金,五金挂件/太空铝,http://www.china-10.com/brand/55611.html
门/锁/窗/楼梯,自动门,http://www.china-10.com/brand/7972.html
门/锁/窗/楼梯,锁具/门锁,http://www.china-10.com/brand/55045.html
卫浴洁具浴室,花洒,http://www.china-10.com/brand/20193.html
电工/工具/五金,五金挂件/太空铝,http://www.china-10.com/brand/160.html
照明/灯饰,筒灯/射灯,http://www.china-10.com/brand/96.html
卫浴洁具浴室,马桶-坐便器,http://www.china-10.com/brand/28633.html
卫浴洁具浴室,花洒,http://www.china-10.com/brand/160.html
管道电线电缆布线,软管,http://www.china-10.com/brand/160.html
门/锁/窗/楼梯,锁具/门锁,http://www.china-10.com/brand/37775.html
涂料/墙饰/壁纸,背景墙,http://www.china-10.com/brand/26817.html
门/锁/窗/楼梯,钢木门,http://www.china-10.com/brand/37423.html
卫浴洁具浴室,浴室柜-台盆柜,http://www.china-10.com/brand/20833.html
门/锁/窗/楼梯,自动门,http://www.china-10.com/brand/7972.html
电工/工具/五金,锁具/门锁,http://www.china-10.com/brand/35798.html
卫浴洁具浴室,五金挂件/太空铝,http://www.china-10.com/brand/55611.html
电工/工具/五金,水平仪,http://www.china-10.com/brand/23983.html
门/锁/窗/楼梯,装甲门,http://www.china-10.com/brand/37423.html
门/锁/窗/楼梯,功能空间,http://www.china-10.com/brand/20897.html
门/锁/窗/楼梯,定制门-室内门,http://www.china-10.com/brand/59659.html
门/锁/窗/楼梯,木门-复合套装门,http://www.china-10.com/brand/55555.html
门/锁/窗/楼梯,铝合金门窗,http://www.china-10.com/brand/1794.html
门/锁/窗/楼梯,锁具/门锁,http://www.china-10.com/brand/7972.html
门/锁/窗/楼梯,厨卫门/玻璃门,http://www.china-10.com/brand/59659.html
吊顶/板材,集成吊顶,http://www.china-10.com/brand/59659.html
