建筑专业	专业软件	管理软件	http://ck.buildnet.cn/Comparison/ProductList?code1=60&code2=2	TE Connectivity	http://ck.buildnet.cn/Main/Enterprise/32774?EID=32774	北京朝阳建国门外大街12号新华保险大厦11层	010-65693488-16710
建筑专业	专业软件	管理软件	http://ck.buildnet.cn/Comparison/ProductList?code1=60&code2=2	上海格瑞特机电设备有限公司	http://ck.buildnet.cn/Main/Enterprise/533147?EID=533147	上海浦东新区东方路1359号海富花园2号楼5C	021-63030016
建筑专业	专业软件	管理软件	http://ck.buildnet.cn/Comparison/ProductList?code1=60&code2=2	上海童格电子科技有限公司	http://ck.buildnet.cn/Main/Enterprise/535641?EID=535641	上海宝山区长逸路15号复旦软件园10层	021-66208998
建筑专业	专业软件	管理软件	http://ck.buildnet.cn/Comparison/ProductList?code1=60&code2=2	加拿大Delta控制有限责任公司	http://ck.buildnet.cn/Main/Enterprise/4622?EID=4622	北京东城东中街9号东环广场写字楼A座7P室	010-59798223
建筑专业	专业软件	管理软件	http://ck.buildnet.cn/Comparison/ProductList?code1=60&code2=2	北京世纪诚致科技有限公司	http://ck.buildnet.cn/Main/Enterprise/536087?EID=536087	北京昌平回龙观定福皇庄宾宾集团8号楼	010-62719806
建筑专业	专业软件	管理软件	http://ck.buildnet.cn/Comparison/ProductList?code1=60&code2=2	北京美谷科技有限公司	http://ck.buildnet.cn/Main/Enterprise/535967?EID=535967	北京大兴兴华大街与金星西路交汇处兴创大厦7层	010-60237137
建筑专业	专业软件	管理软件	http://ck.buildnet.cn/Comparison/ProductList?code1=60&code2=2	广东同望科技股份有限公司	http://ck.buildnet.cn/Main/Enterprise/523734?EID=523734	广东珠海港湾大道科技五路19号同望科技园	0756-3631998
建筑专业	专业软件	管理软件	http://ck.buildnet.cn/Comparison/ProductList?code1=60&code2=2	珠海西默电气科技有限公司	http://ck.buildnet.cn/Main/Enterprise/536219?EID=536219	广东珠海国家高新区软件园路1号南方软件园D3栋	0756-3634119
建筑专业	专业软件	管理软件	http://ck.buildnet.cn/Comparison/ProductList?code1=60&code2=2	研华（中国）有限公司	http://ck.buildnet.cn/Main/Enterprise/529594?EID=529594	北京东城上地信息产业基地六街七号	010-62984346
建筑专业	专业软件	设计软件	http://ck.buildnet.cn/Comparison/ProductList?code1=60&code2=1	欧特克软件（中国）有限公司	http://ck.buildnet.cn/Main/Enterprise/530030?EID=530030	北京朝阳东大桥路9号北京侨福芳草地大厦写字楼A栋9层	010-85658800
建筑专业	专业软件	设计软件	http://ck.buildnet.cn/Comparison/ProductList?code1=60&code2=1	芬兰普罗格曼有限公司北京代表处	http://ck.buildnet.cn/Main/Enterprise/497754?EID=497754	北京朝阳劲松三区甲302号华腾大厦1606A室	010-87730700
建筑专业	保温与吸声	保温材料	http://ck.buildnet.cn/Comparison/ProductList?code1=13&code2=1	上海子烁密封保温材料有限公司	http://ck.buildnet.cn/Main/Enterprise/535007?EID=535007	上海宝山沪太路4308号十区39号	021-66550162
建筑专业	保温与吸声	保温材料	http://ck.buildnet.cn/Comparison/ProductList?code1=13&code2=1	上海贝恒化学建材有限公司	http://ck.buildnet.cn/Main/Enterprise/511227?EID=511227	上海金山亭林工业园区南区林盛路318号	021-57233655
建筑专业	保温与吸声	保温材料	http://ck.buildnet.cn/Comparison/ProductList?code1=13&code2=1	上海贝恒化学建材有限公司	http://ck.buildnet.cn/Main/Enterprise/511227?EID=511227	上海金山亭林工业园区南区林盛路318号	021-57233655
建筑专业	保温与吸声	保温材料	http://ck.buildnet.cn/Comparison/ProductList?code1=13&code2=1	中山市青龙建材有限公司	http://ck.buildnet.cn/Main/Enterprise/523445?EID=523445	广东中山石岐区东明路21号（总部）	0760-88706348
建筑专业	保温与吸声	保温材料	http://ck.buildnet.cn/Comparison/ProductList?code1=13&code2=1	中科建添（北京）科技发展有限公司	http://ck.buildnet.cn/Main/Enterprise/536194?EID=536194	北京朝阳管庄国家建筑材料科学研究总院北楼	010-51164055
建筑专业	保温与吸声	保温材料	http://ck.buildnet.cn/Comparison/ProductList?code1=13&code2=1	北京安诺捷新型建材有限公司	http://ck.buildnet.cn/Main/Enterprise/534148?EID=534148	北京大兴金星庄工业区	010-60594339
建筑专业	保温与吸声	保温材料	http://ck.buildnet.cn/Comparison/ProductList?code1=13&code2=1	北京德高邦新型建材有限公司	http://ck.buildnet.cn/Main/Enterprise/534934?EID=534934	北京朝阳望京科技园	010-52883199
建筑专业	保温与吸声	保温材料	http://ck.buildnet.cn/Comparison/ProductList?code1=13&code2=1	北京首想科技发展有限公司	http://ck.buildnet.cn/Main/Enterprise/529609?EID=529609	北京大兴经济技术开发区南朱马路	010-56016278
建筑专业	保温与吸声	保温材料	http://ck.buildnet.cn/Comparison/ProductList?code1=13&code2=1	大连奥佳建筑防水工程有限公司	http://ck.buildnet.cn/Main/Enterprise/509949?EID=509949	辽宁大连甘井子区亲亲家园72号公建	0411-84216794
建筑专业	保温与吸声	保温材料	http://ck.buildnet.cn/Comparison/ProductList?code1=13&code2=1	大连奥佳建筑防水工程有限公司	http://ck.buildnet.cn/Main/Enterprise/509949?EID=509949	辽宁大连甘井子区亲亲家园72号公建	0411-84216794
建筑专业	保温与吸声	保温材料	http://ck.buildnet.cn/Comparison/ProductList?code1=13&code2=1	山东省宁津县凯龙温控设备制造厂	http://ck.buildnet.cn/Main/Enterprise/534424?EID=534424	山东德州宁津县时集经济开发区	0534-5918838
建筑专业	保温与吸声	保温材料	http://ck.buildnet.cn/Comparison/ProductList?code1=13&code2=1	得铭（天津）保温材料有限公司	http://ck.buildnet.cn/Main/Enterprise/534615?EID=534615	天津武清区京滨工业园京滨大道6号（距廊坊经济开发区2公里）	022-22193000
建筑专业	保温与吸声	保温材料	http://ck.buildnet.cn/Comparison/ProductList?code1=13&code2=1	得铭（天津）保温材料有限公司	http://ck.buildnet.cn/Main/Enterprise/534615?EID=534615	天津武清区京滨工业园京滨大道6号（距廊坊经济开发区2公里）	022-22193000
建筑专业	保温与吸声	保温材料	http://ck.buildnet.cn/Comparison/ProductList?code1=13&code2=1	杭州元创新型材料科技有限公司	http://ck.buildnet.cn/Main/Enterprise/536611?EID=536611	浙江杭州滨江区滨和路998号中赢国际商务大厦南楼4F	0571-85830028
建筑专业	保温与吸声	保温材料	http://ck.buildnet.cn/Comparison/ProductList?code1=13&code2=1	杭州元创新型材料科技有限公司	http://ck.buildnet.cn/Main/Enterprise/536611?EID=536611	浙江杭州滨江区滨和路998号中赢国际商务大厦南楼4F	0571-85830028
建筑专业	保温与吸声	保温材料	http://ck.buildnet.cn/Comparison/ProductList?code1=13&code2=1	沈阳市炬园建材有限公司	http://ck.buildnet.cn/Main/Enterprise/509440?EID=509440	辽宁沈阳新城子区沈北新区浦河新城兴农路50号	024-25616135
建筑专业	保温与吸声	保温材料	http://ck.buildnet.cn/Comparison/ProductList?code1=13&code2=1	河北中泰天成节能科技有限公司	http://ck.buildnet.cn/Main/Enterprise/536121?EID=536121	河北廊坊大城县权村	0316-3281688
建筑专业	保温与吸声	保温材料	http://ck.buildnet.cn/Comparison/ProductList?code1=13&code2=1	河北福安防腐保温有限公司	http://ck.buildnet.cn/Main/Enterprise/508421?EID=508421	河北廊坊大城县广安镇	0316-5950988
建筑专业	保温与吸声	保温材料	http://ck.buildnet.cn/Comparison/ProductList?code1=13&code2=1	河南迪特曼新材料科技有限公司	http://ck.buildnet.cn/Main/Enterprise/535202?EID=535202	河南郑州洛龙区洛常路大里王路口	400 0909 981
建筑专业	保温与吸声	保温材料	http://ck.buildnet.cn/Comparison/ProductList?code1=13&code2=1	洛科威防火保温材料（广州）有限公司	http://ck.buildnet.cn/Main/Enterprise/533203?EID=533203	广东广州经济技术开发区永和区泰华街3号	020-82986668
建筑专业	保温与吸声	保温材料	http://ck.buildnet.cn/Comparison/ProductList?code1=13&code2=1	浙江绿卓科技有限公司	http://ck.buildnet.cn/Main/Enterprise/533913?EID=533913	浙江杭州钱江新城丹桂路19号迪凯国际中心13层	0571-81105689
建筑专业	保温与吸声	保温材料	http://ck.buildnet.cn/Comparison/ProductList?code1=13&code2=1	深圳市摩天氟碳科技有限公司	http://ck.buildnet.cn/Main/Enterprise/523662?EID=523662	广东深圳宝安区西乡街道桃花源科技创新园主楼4楼	0755-27960612 
建筑专业	保温与吸声	保温材料	http://ck.buildnet.cn/Comparison/ProductList?code1=13&code2=1	深圳市摩天氟碳科技有限公司	http://ck.buildnet.cn/Main/Enterprise/523662?EID=523662	广东深圳宝安区西乡街道桃花源科技创新园主楼4楼	0755-27960612
建筑专业	保温与吸声	保温材料	http://ck.buildnet.cn/Comparison/ProductList?code1=13&code2=1	湖南振兴建材科技有限公司	http://ck.buildnet.cn/Main/Enterprise/522857?EID=522857	湖南株洲渌口经济开发区工业园	0731-27626150
建筑专业	保温与吸声	保温材料	http://ck.buildnet.cn/Comparison/ProductList?code1=13&code2=1	重庆三峡油漆股份有限公司	http://ck.buildnet.cn/Main/Enterprise/528209?EID=528209	重庆重庆市辖德感工业园区	023-47262612 
建筑专业	保温与吸声	吸声隔声材料	http://ck.buildnet.cn/Comparison/ProductList?code1=13&code2=2	上海吴珂隔音装饰工程有限公司	http://ck.buildnet.cn/Main/Enterprise/536508?EID=536508	上海卢湾区中山南一路1065号904室	qinglangeyin@yahoo.cn
建筑专业	保温与吸声	吸声隔声材料	http://ck.buildnet.cn/Comparison/ProductList?code1=13&code2=2	上海彩滨实业发展有限公司	http://ck.buildnet.cn/Main/Enterprise/537821?EID=537821	上海普陀兰溪路10弄3号1601室	021-52911076-612 
建筑专业	保温与吸声	吸声隔声材料	http://ck.buildnet.cn/Comparison/ProductList?code1=13&code2=2	上海茹逸隔音门窗有限公司	http://ck.buildnet.cn/Main/Enterprise/536453?EID=536453	上海徐汇区中山西路2006号409室	021-64262226
建筑专业	保温与吸声	吸声隔声材料	http://ck.buildnet.cn/Comparison/ProductList?code1=13&code2=2	上海茹逸隔音门窗有限公司	http://ck.buildnet.cn/Main/Enterprise/536453?EID=536453	上海徐汇区中山西路2006号409室	021-64262226
建筑专业	保温与吸声	吸声隔声材料	http://ck.buildnet.cn/Comparison/ProductList?code1=13&code2=2	佛山仙璧建筑材料有限公司	http://ck.buildnet.cn/Main/Enterprise/532402?EID=532402	广东佛山顺德区	0757-28802508
建筑专业	保温与吸声	吸声隔声材料	http://ck.buildnet.cn/Comparison/ProductList?code1=13&code2=2	倍斯威贝勒堡（上海）贸易有限公司	http://ck.buildnet.cn/Main/Enterprise/500518?EID=500518	上海静安新闸路831号29楼H室	021-62673369-8007
建筑专业	保温与吸声	吸声隔声材料	http://ck.buildnet.cn/Comparison/ProductList?code1=13&code2=2	北京英特美特科技发展有限公司	http://ck.buildnet.cn/Main/Enterprise/506760?EID=506760	北京西城展览路12号7幢322室	010-52023918
建筑专业	保温与吸声	吸声隔声材料	http://ck.buildnet.cn/Comparison/ProductList?code1=13&code2=2	北京葛天建材有限公司	http://ck.buildnet.cn/Main/Enterprise/531526?EID=531526	北京西城西二环阜成门桥西北侧阜成大厦	010-68324820
建筑专业	保温与吸声	吸声隔声材料	http://ck.buildnet.cn/Comparison/ProductList?code1=13&code2=2	北京金元恒信建材有限公司	http://ck.buildnet.cn/Main/Enterprise/536067?EID=536067	北京房山北京市房山区南白工业区	010-56232331
建筑专业	保温与吸声	吸声隔声材料	http://ck.buildnet.cn/Comparison/ProductList?code1=13&code2=2	北京金元恒信建材有限公司	http://ck.buildnet.cn/Main/Enterprise/536067?EID=536067	北京房山北京市房山区南白工业区	010-56232331
建筑专业	保温与吸声	吸声隔声材料	http://ck.buildnet.cn/Comparison/ProductList?code1=13&code2=2	南京旭建新型建材股份有限公司	http://ck.buildnet.cn/Main/Enterprise/513815?EID=513815	江苏南京建邺区楠溪江东街68号	025-68197519
建筑专业	保温与吸声	吸声隔声材料	http://ck.buildnet.cn/Comparison/ProductList?code1=13&code2=2	广州丽声建筑材料有限公司	http://ck.buildnet.cn/Main/Enterprise/535974?EID=535974	广东广州海珠区江南大道中100号中广大夏2005室	020-34080075
建筑专业	保温与吸声	吸声隔声材料	http://ck.buildnet.cn/Comparison/ProductList?code1=13&code2=2	广州吉泰发展有限公司	http://ck.buildnet.cn/Main/Enterprise/524148?EID=524148	广东广州海珠区艺洲路东庆街2号402室	020-3430208
建筑专业	保温与吸声	吸声隔声材料	http://ck.buildnet.cn/Comparison/ProductList?code1=13&code2=2	广州吉泰发展有限公司	http://ck.buildnet.cn/Main/Enterprise/524148?EID=524148	广东广州海珠区艺洲路东庆街2号402室	020-3430208
建筑专业	保温与吸声	吸声隔声材料	http://ck.buildnet.cn/Comparison/ProductList?code1=13&code2=2	广州嘉穗声学工程有限公司	http://ck.buildnet.cn/Main/Enterprise/533975?EID=533975	广东广州天河区五仙桥街23栋三层233B室	020-37039891
建筑专业	保温与吸声	吸声隔声材料	http://ck.buildnet.cn/Comparison/ProductList?code1=13&code2=2	广州嘉穗声学工程有限公司	http://ck.buildnet.cn/Main/Enterprise/533975?EID=533975	广东广州天河区五仙桥街23栋三层233B室	020-37039891
建筑专业	保温与吸声	吸声隔声材料	http://ck.buildnet.cn/Comparison/ProductList?code1=13&code2=2	广州恒德环保材料有限公司	http://ck.buildnet.cn/Main/Enterprise/520828?EID=520828	广东广州南沙区榄核镇绿村工业区	020-34872999
建筑专业	保温与吸声	吸声隔声材料	http://ck.buildnet.cn/Comparison/ProductList?code1=13&code2=2	广州新静界消音材料有限公司	http://ck.buildnet.cn/Main/Enterprise/527610?EID=527610	广东广州黄埔区云埔工业区埔南路沧联工业园7号	020-82266658
建筑专业	保温与吸声	吸声隔声材料	http://ck.buildnet.cn/Comparison/ProductList?code1=13&code2=2	广州景丽伦建材有限公司	http://ck.buildnet.cn/Main/Enterprise/534622?EID=534622	广东佛山南海区里水大朗工业区	020-66698606
建筑专业	保温与吸声	吸声隔声材料	http://ck.buildnet.cn/Comparison/ProductList?code1=13&code2=2	广州景丽伦建材有限公司	http://ck.buildnet.cn/Main/Enterprise/534622?EID=534622	广东佛山南海区里水大朗工业区	020-66698606
建筑专业	保温与吸声	吸声隔声材料	http://ck.buildnet.cn/Comparison/ProductList?code1=13&code2=2	广州迪高建材有限公司	http://ck.buildnet.cn/Main/Enterprise/22286?EID=22286	广东广州增城市新塘镇朱宁公路宁西工业园	020-82966818-100
建筑专业	保温与吸声	吸声隔声材料	http://ck.buildnet.cn/Comparison/ProductList?code1=13&code2=2	新疆鑫龙交通环境设施工程有限公司	http://ck.buildnet.cn/Main/Enterprise/533770?EID=533770	新疆乌鲁木齐米东区古牧地镇东工村工业园	400 0991 528
建筑专业	保温与吸声	吸声隔声材料	http://ck.buildnet.cn/Comparison/ProductList?code1=13&code2=2	江苏鼎泽环境工程有限公司	http://ck.buildnet.cn/Main/Enterprise/515606?EID=515606	江苏宜兴环保科技工业园岳东路201号	0510-88562898
建筑专业	保温与吸声	吸声隔声材料	http://ck.buildnet.cn/Comparison/ProductList?code1=13&code2=2	浙江帝龙新材料股份有限公司上海办事处	http://ck.buildnet.cn/Main/Enterprise/530331?EID=530331	上海徐汇区宜山路450号佳饰家1090展位	021-64419259
建筑专业	保温与吸声	吸声隔声材料	http://ck.buildnet.cn/Comparison/ProductList?code1=13&code2=2	盈创新材料（苏州）有限公司	http://ck.buildnet.cn/Main/Enterprise/513087?EID=513087	江苏苏州工业园区金谷路1号东方大道北	0512-62994326
建筑专业	保温与吸声	吸声隔声材料	http://ck.buildnet.cn/Comparison/ProductList?code1=13&code2=2	盈创新材料（苏州）有限公司	http://ck.buildnet.cn/Main/Enterprise/513087?EID=513087	江苏苏州工业园区金谷路1号东方大道北	0512-62994326
建筑专业	保温与吸声	吸声隔声材料	http://ck.buildnet.cn/Comparison/ProductList?code1=13&code2=2	诺菲博尔建材销售（北京）有限公司	http://ck.buildnet.cn/Main/Enterprise/533790?EID=533790	北京朝阳酒仙桥路14号兆维华灯大厦A2区3门A116	010-58671900
建筑专业	保温与吸声	吸声隔声材料	http://ck.buildnet.cn/Comparison/ProductList?code1=13&code2=2	重庆陈宁门窗有限责任公司	http://ck.buildnet.cn/Main/Enterprise/536489?EID=536489	重庆九龙坡区石桥铺渝景新天地1-3-10	023-61660009
建筑专业	保温与吸声	吸声隔声材料	http://ck.buildnet.cn/Comparison/ProductList?code1=13&code2=2	阿乐斯绝热材料（广州）有限公司	http://ck.buildnet.cn/Main/Enterprise/22900?EID=22900	广东广州番禺区石楼镇官桥工业区	020-83634367
建筑专业	保温与吸声	吸声隔声材料	http://ck.buildnet.cn/Comparison/ProductList?code1=13&code2=2	雷帝（中国）建筑材料有限公司	http://ck.buildnet.cn/Main/Enterprise/29915?EID=29915	上海松江新浜工业园区浩海路309号	021-57893300
建筑专业	保温与吸声	复合保温吸声材料	http://ck.buildnet.cn/Comparison/ProductList?code1=13&code2=3	北京京都顺发保温材料有限公司	http://ck.buildnet.cn/Main/Enterprise/504862?EID=504862	北京大兴黄村镇李村开发区6号	010-61262113
建筑专业	保温与吸声	复合保温吸声材料	http://ck.buildnet.cn/Comparison/ProductList?code1=13&code2=3	北京京都顺发保温材料有限公司	http://ck.buildnet.cn/Main/Enterprise/504862?EID=504862	北京大兴黄村镇李村开发区6号	010-61262113
建筑专业	保温与吸声	复合保温吸声材料	http://ck.buildnet.cn/Comparison/ProductList?code1=13&code2=3	山西天一纳米材料科技有限公司	http://ck.buildnet.cn/Main/Enterprise/534782?EID=534782	山西晋中榆次区经纬路134号	0354-3295846
建筑专业	保温与吸声	复合保温吸声材料	http://ck.buildnet.cn/Comparison/ProductList?code1=13&code2=3	山西天一纳米材料科技有限公司	http://ck.buildnet.cn/Main/Enterprise/534782?EID=534782	山西晋中榆次区经纬路134号	0354-3295846
建筑专业	保温与吸声	复合保温吸声材料	http://ck.buildnet.cn/Comparison/ProductList?code1=13&code2=3	广州吉泰发展有限公司	http://ck.buildnet.cn/Main/Enterprise/524148?EID=524148	广东广州海珠区艺洲路东庆街2号402室	020-3430208
建筑专业	保温与吸声	复合保温吸声材料	http://ck.buildnet.cn/Comparison/ProductList?code1=13&code2=3	广州吉泰发展有限公司	http://ck.buildnet.cn/Main/Enterprise/524148?EID=524148	广东广州海珠区艺洲路东庆街2号402室	020-3430208
建筑专业	保温与吸声	复合保温吸声材料	http://ck.buildnet.cn/Comparison/ProductList?code1=13&code2=3	新疆鑫龙交通环境设施工程有限公司	http://ck.buildnet.cn/Main/Enterprise/533770?EID=533770	新疆乌鲁木齐米东区古牧地镇东工村工业园	400 0991 528
建筑专业	保温与吸声	复合保温吸声材料	http://ck.buildnet.cn/Comparison/ProductList?code1=13&code2=3	新疆鑫龙交通环境设施工程有限公司	http://ck.buildnet.cn/Main/Enterprise/533770?EID=533770	新疆乌鲁木齐米东区古牧地镇东工村工业园	400 0991 528
建筑专业	保温与吸声	复合保温吸声材料	http://ck.buildnet.cn/Comparison/ProductList?code1=13&code2=3	朝阳佳远钢构制造有限公司	http://ck.buildnet.cn/Main/Enterprise/533674?EID=533674	辽宁朝阳经济开发区	0421-3887888
建筑专业	保温与吸声	复合保温吸声材料	http://ck.buildnet.cn/Comparison/ProductList?code1=13&code2=3	朝阳佳远钢构制造有限公司	http://ck.buildnet.cn/Main/Enterprise/533674?EID=533674	辽宁朝阳经济开发区	0421-3887888
建筑专业	保温与吸声	复合保温吸声材料	http://ck.buildnet.cn/Comparison/ProductList?code1=13&code2=3	河北欧维尔保温建材有限公司	http://ck.buildnet.cn/Main/Enterprise/535058?EID=535058	河北廊坊大城县留各庄工业园区	0316-5592000
建筑专业	保温与吸声	复合保温吸声材料	http://ck.buildnet.cn/Comparison/ProductList?code1=13&code2=3	河北欧维尔保温建材有限公司	http://ck.buildnet.cn/Main/Enterprise/535058?EID=535058	河北廊坊大城县留各庄工业园区	0316-5592000
建筑专业	保温与吸声	复合保温吸声材料	http://ck.buildnet.cn/Comparison/ProductList?code1=13&code2=3	鞍山健能建筑材料技术研发有限公司	http://ck.buildnet.cn/Main/Enterprise/534319?EID=534319	辽宁鞍山鞍千路42-41	0412-8888889
建筑专业	保温与吸声	复合保温吸声材料	http://ck.buildnet.cn/Comparison/ProductList?code1=13&code2=3	鞍山健能建筑材料技术研发有限公司	http://ck.buildnet.cn/Main/Enterprise/534319?EID=534319	辽宁鞍山鞍千路42-41	0412-8888889
建筑专业	保温与吸声	空间吸声体	http://ck.buildnet.cn/Comparison/ProductList?code1=13&code2=4	北京安诺捷新型建材有限公司	http://ck.buildnet.cn/Main/Enterprise/534148?EID=534148	北京大兴金星庄工业区	010-60594339
建筑专业	保温与吸声	空间吸声体	http://ck.buildnet.cn/Comparison/ProductList?code1=13&code2=4	天津明鉴建筑材料有限公司	http://ck.buildnet.cn/Main/Enterprise/536559?EID=536559	天津东丽区津塘公路与跃进路交口嘉德大厦A-501	022-24954881
建筑专业	保温与吸声	空间吸声体	http://ck.buildnet.cn/Comparison/ProductList?code1=13&code2=4	沈阳西尔斯节能科技有限公司	http://ck.buildnet.cn/Main/Enterprise/536539?EID=536539	辽宁沈阳铁西区建设中路1-1号第一商城B座1305室	024-31800135 
建筑专业	卫生设备	洁具    	http://ck.buildnet.cn/Comparison/ProductList?code1=21&code2=1	上海润忠贸易有限公司	http://ck.buildnet.cn/Main/Enterprise/530802?EID=530802	上海普陀区真北路3199号星云经济城21号楼	021-52845927
建筑专业	卫生设备	洁具    	http://ck.buildnet.cn/Comparison/ProductList?code1=21&code2=1	上海皓京实业股份有限公司	http://ck.buildnet.cn/Main/Enterprise/536438?EID=536438	上海嘉定区金沙江西路1555弄393号2层	021-69016781
建筑专业	卫生设备	洁具    	http://ck.buildnet.cn/Comparison/ProductList?code1=21&code2=1	佛山东鹏洁具股份有限公司	http://ck.buildnet.cn/Main/Enterprise/526703?EID=526703	广东佛山禅城区江湾三路12号东鹏洁具大厦	0757-82722770
建筑专业	卫生设备	洁具    	http://ck.buildnet.cn/Comparison/ProductList?code1=21&code2=1	北京百捷新盛装饰材料有限公司	http://ck.buildnet.cn/Main/Enterprise/530467?EID=530467	北京丰台科技园区星火路10号B座525室	010-83681683
建筑专业	卫生设备	洁具    	http://ck.buildnet.cn/Comparison/ProductList?code1=21&code2=1	卡姆勒卫浴	http://ck.buildnet.cn/Main/Enterprise/533736?EID=533736	浙江杭州天目山路398号古荡科技园9幢2层	0571-56921208
建筑专业	卫生设备	洁具    	http://ck.buildnet.cn/Comparison/ProductList?code1=21&code2=1	广东新明珠陶瓷集团有限公司	http://ck.buildnet.cn/Main/Enterprise/523495?EID=523495	广东佛山禅城区南庄镇华夏陶瓷博览城新明珠集团大厦	0757-85332550
建筑专业	卫生设备	洁具    	http://ck.buildnet.cn/Comparison/ProductList?code1=21&code2=1	开平金牌洁具有限公司	http://ck.buildnet.cn/Main/Enterprise/536368?EID=536368	广东佛山禅城区南庄镇季华西路168号瓷海国际C5座09-18号	0757-82533230
建筑专业	卫生设备	洁具    	http://ck.buildnet.cn/Comparison/ProductList?code1=21&code2=1	江苏铜墙铁壁环保科技发展有限公司	http://ck.buildnet.cn/Main/Enterprise/533550?EID=533550	江苏徐州泉山区世纪大道汽车南站对面	0516-83982093
建筑专业	卫生设备	洁具    	http://ck.buildnet.cn/Comparison/ProductList?code1=21&code2=1	河南乐华美居建材有限公司	http://ck.buildnet.cn/Main/Enterprise/535532?EID=535532	河南郑州郑东新区黄河东路与商都路交叉口向东200米路北郑东建材家居城C区16栋30—38号	0371-69121823
建筑专业	卫生设备	洁具    	http://ck.buildnet.cn/Comparison/ProductList?code1=21&code2=1	爱谱乐科技有限公司	http://ck.buildnet.cn/Main/Enterprise/534448?EID=534448	福建泉州海景国际海逸园1号	0595-87301111
建筑专业	卫生设备	洁具    	http://ck.buildnet.cn/Comparison/ProductList?code1=21&code2=1	美标（中国）有限公司	http://ck.buildnet.cn/Main/Enterprise/510822?EID=510822	上海徐汇区田林路487号宝石园24号楼	021-33952888
建筑专业	卫生设备	洁具    	http://ck.buildnet.cn/Comparison/ProductList?code1=21&code2=1	苏州科逸住宅设备股份有限公司	http://ck.buildnet.cn/Main/Enterprise/530473?EID=530473	江苏苏州工业园区唯亭望江路189号	0512-62951222
建筑专业	卫生设备	洁具    	http://ck.buildnet.cn/Comparison/ProductList?code1=21&code2=1	贝尔马国际卫浴集团有限公司	http://ck.buildnet.cn/Main/Enterprise/535200?EID=535200	广东中山南头镇升辉北路32号之一	400 8976 668
建筑专业	卫生设备	洁具    	http://ck.buildnet.cn/Comparison/ProductList?code1=21&code2=1	重庆四维瓷业（集团）股份有限公司	http://ck.buildnet.cn/Main/Enterprise/528280?EID=528280	重庆江津市油溪镇	023-61088555
建筑专业	厨房设备	厨房用设备  	http://ck.buildnet.cn/Comparison/ProductList?code1=20&code2=1	中山市银田燃具电器有限公司	http://ck.buildnet.cn/Main/Enterprise/525096?EID=525096	广东中山东凤镇桃源路5号	0760-22608611
建筑专业	厨房设备	厨房用设备  	http://ck.buildnet.cn/Comparison/ProductList?code1=20&code2=1	创尔特热能科技（中山）有限公司	http://ck.buildnet.cn/Main/Enterprise/523691?EID=523691	广东中山小榄镇工业大道南42号	0760-22111888
建筑专业	厨房设备	厨房用设备  	http://ck.buildnet.cn/Comparison/ProductList?code1=20&code2=1	北京东邦御厨厨房设备有限公司	http://ck.buildnet.cn/Main/Enterprise/530516?EID=530516	北京朝阳东三环中路39号建外SOHO18号楼2305室	010-58692075
建筑专业	厨房设备	厨房用设备  	http://ck.buildnet.cn/Comparison/ProductList?code1=20&code2=1	厦门市建潘卫厨有限公司	http://ck.buildnet.cn/Main/Enterprise/520153?EID=520153	福建厦门同安工业集中区集和路190号	0592-5580379
建筑专业	厨房设备	厨房用设备  	http://ck.buildnet.cn/Comparison/ProductList?code1=20&code2=1	合肥志邦厨饰有限公司	http://ck.buildnet.cn/Main/Enterprise/519444?EID=519444	安徽合肥庐阳产业园连水路19号	0551-5203888
建筑专业	厨房设备	厨房用设备  	http://ck.buildnet.cn/Comparison/ProductList?code1=20&code2=1	山东省鲁宝厨业有限公司	http://ck.buildnet.cn/Main/Enterprise/535349?EID=535349	山东滨州博兴县兴福镇工业区	0543-2888388 
建筑专业	厨房设备	厨房用设备  	http://ck.buildnet.cn/Comparison/ProductList?code1=20&code2=1	德意控股集团有限公司	http://ck.buildnet.cn/Main/Enterprise/517715?EID=517715	浙江杭州萧山经济技术开发区建设三路36号	0571-82838788
建筑专业	厨房设备	厨房用设备  	http://ck.buildnet.cn/Comparison/ProductList?code1=20&code2=1	深圳市佳德利厨房设备用品有限公司	http://ck.buildnet.cn/Main/Enterprise/536500?EID=536500	广东深圳龙岗区平新北路华南城1号广场5楼	0755-89253311
建筑专业	厨房设备	厨房用设备  	http://ck.buildnet.cn/Comparison/ProductList?code1=20&code2=1	珠海爱克特机电设备有限公司	http://ck.buildnet.cn/Main/Enterprise/533605?EID=533605	广东珠海香洲区梅华东路274-3号	0756-2180000
建筑专业	厨房设备	厨房用设备  	http://ck.buildnet.cn/Comparison/ProductList?code1=20&code2=1	瑞时集团	http://ck.buildnet.cn/Main/Enterprise/517846?EID=517846	浙江宁波北仑区江南西路29号	021-55789516
建筑专业	厨房设备	厨房用设备  	http://ck.buildnet.cn/Comparison/ProductList?code1=20&code2=1	黄骅市中天环保设备有限公司	http://ck.buildnet.cn/Main/Enterprise/508342?EID=508342	河北黄骅池庄工业区	0317-5653978
建筑专业	厨房设备	厨房用设备  	http://ck.buildnet.cn/Comparison/ProductList?code1=20&code2=1	（中外合资）中山荣事达厨卫电器有限公司	http://ck.buildnet.cn/Main/Enterprise/536037?EID=536037	广东中山南头镇升辉北工业园	0760-23121866（60线）
建筑专业	厨房设备	厨房配件	http://ck.buildnet.cn/Comparison/ProductList?code1=20&code2=1	Mobalpa（上海）	http://ck.buildnet.cn/Main/Enterprise/535556?EID=535556	上海徐汇区凯旋路3035号	021-64418811
建筑专业	厨房设备	厨房配件	http://ck.buildnet.cn/Comparison/ProductList?code1=20&code2=1	上海绿太阳建筑五金有限公司	http://ck.buildnet.cn/Main/Enterprise/510746?EID=510746	上海南汇区康桥开发区康桥东路518号	021-58133000
建筑专业	厨房设备	厨房配件	http://ck.buildnet.cn/Comparison/ProductList?code1=20&code2=1	中山市银田燃具电器有限公司	http://ck.buildnet.cn/Main/Enterprise/525096?EID=525096	广东中山东凤镇桃源路5号	0760-22608611
建筑专业	厨房设备	厨房配件	http://ck.buildnet.cn/Comparison/ProductList?code1=20&code2=1	厦门市建潘卫厨有限公司	http://ck.buildnet.cn/Main/Enterprise/520153?EID=520153	福建厦门同安工业集中区集和路190号	0592-5580379
建筑专业	厨房设备	厨房配件	http://ck.buildnet.cn/Comparison/ProductList?code1=20&code2=1	合肥志邦厨饰有限公司	http://ck.buildnet.cn/Main/Enterprise/519444?EID=519444	安徽合肥庐阳产业园连水路19号	0551-5203888
建筑专业	厨房设备	厨房配件	http://ck.buildnet.cn/Comparison/ProductList?code1=20&code2=1	山东省鲁宝厨业有限公司	http://ck.buildnet.cn/Main/Enterprise/535349?EID=535349	山东滨州博兴县兴福镇工业区	0543-2888388 
建筑专业	厨房设备	厨房配件	http://ck.buildnet.cn/Comparison/ProductList?code1=20&code2=1	德意控股集团有限公司	http://ck.buildnet.cn/Main/Enterprise/517715?EID=517715	浙江杭州萧山经济技术开发区建设三路36号	0571-82838788
建筑专业	厨房设备	厨房配件	http://ck.buildnet.cn/Comparison/ProductList?code1=20&code2=1	杜邦中国集团有限公司上海分公司	http://ck.buildnet.cn/Main/Enterprise/511315?EID=511315	上海浦东新区张江高科技园区科苑路399号11号楼	021-38622888
建筑专业	厨房设备	厨房配件	http://ck.buildnet.cn/Comparison/ProductList?code1=20&code2=1	江苏源盛环保设备有限公司	http://ck.buildnet.cn/Main/Enterprise/515263?EID=515263	江苏宜兴宜城镇宜北路	0510-82939088
建筑专业	厨房设备	厨房配件	http://ck.buildnet.cn/Comparison/ProductList?code1=20&code2=1	深圳市佳德利厨房设备用品有限公司	http://ck.buildnet.cn/Main/Enterprise/536500?EID=536500	广东深圳龙岗区平新北路华南城1号广场5楼	0755-89253311
建筑专业	厨房设备	厨房配件	http://ck.buildnet.cn/Comparison/ProductList?code1=20&code2=1	珠海爱克特机电设备有限公司	http://ck.buildnet.cn/Main/Enterprise/533605?EID=533605	广东珠海香洲区梅华东路274-3号	0756-2180000
建筑专业	厨房设备	厨房配件	http://ck.buildnet.cn/Comparison/ProductList?code1=20&code2=1	瑞时集团	http://ck.buildnet.cn/Main/Enterprise/517846?EID=517846	浙江宁波北仑区江南西路29号	021-55789516
建筑专业	厨房设备	厨房配件	http://ck.buildnet.cn/Comparison/ProductList?code1=20&code2=1	（中外合资）中山荣事达厨卫电器有限公司	http://ck.buildnet.cn/Main/Enterprise/536037?EID=536037	广东中山南头镇升辉北工业园	0760-23121866（60线）
建筑专业	古建筑材料	西方古典建筑部件	http://ck.buildnet.cn/Comparison/ProductList?code1=17&code2=2	上海吾东建筑材料有限公司	http://ck.buildnet.cn/Main/Enterprise/535097?EID=535097	上海浦东新区南六公路699弄一支弄5-8号	021-68246145
建筑专业	古建筑材料	西方古典建筑部件	http://ck.buildnet.cn/Comparison/ProductList?code1=17&code2=2	佛山市屋面瓦之家陶瓷有限公司	http://ck.buildnet.cn/Main/Enterprise/530653?EID=530653	广东佛山瓷海国际C21座第24号	0757-82522299
建筑专业	古建筑材料	西方古典建筑部件	http://ck.buildnet.cn/Comparison/ProductList?code1=17&code2=2	广州沃城经济发展有限公司	http://ck.buildnet.cn/Main/Enterprise/525330?EID=525330	广东广州天河区黄埔大道西201号金泽大厦417室	020-82310566
建筑专业	古建筑材料	西方古典建筑部件	http://ck.buildnet.cn/Comparison/ProductList?code1=17&code2=2	焦作市奥翔瓷业有限责任公司	http://ck.buildnet.cn/Main/Enterprise/533931?EID=533931	河南郑州三全路与文化路交叉口东100米东岸尚景2号楼	0371-55917637
建筑专业	古建筑材料	西方古典建筑部件	http://ck.buildnet.cn/Comparison/ProductList?code1=17&code2=2	郑州华利新型建材有限公司	http://ck.buildnet.cn/Main/Enterprise/535765?EID=535765	河南郑州新郑路111号	0371-66378133
建筑专业	基础和基坑	降排水设备	http://ck.buildnet.cn/Comparison/ProductList?code1=26&code2=2	云南源塑塑胶制品有限公司	http://ck.buildnet.cn/Main/Enterprise/534419?EID=534419	云南昆明官渡区辰瑞五金机电市场B2幢321号	0871-67385506
建筑专业	墙体装饰装修材料	其它装饰装修材料	http://ck.buildnet.cn/Comparison/ProductList?code1=3&code2=15	3M中国有限公司	http://ck.buildnet.cn/Main/Enterprise/9493?EID=9493	上海长宁虹桥开发区兴义路8号万都中心大厦38楼	021-62753535
建筑专业	墙体装饰装修材料	其它装饰装修材料	http://ck.buildnet.cn/Comparison/ProductList?code1=3&code2=15	3M中国有限公司	http://ck.buildnet.cn/Main/Enterprise/9493?EID=9493	上海长宁虹桥开发区兴义路8号万都中心大厦38楼	021-62753535
建筑专业	墙体装饰装修材料	其它装饰装修材料	http://ck.buildnet.cn/Comparison/ProductList?code1=3&code2=15	上海福全氟碳材料有限公司	http://ck.buildnet.cn/Main/Enterprise/530315?EID=530315	上海闵行区莘庄镇闵城路199弄3号1503室	021-64608276
建筑专业	墙体装饰装修材料	其它装饰装修材料	http://ck.buildnet.cn/Comparison/ProductList?code1=3&code2=15	上海福全氟碳材料有限公司	http://ck.buildnet.cn/Main/Enterprise/530315?EID=530315	上海闵行区莘庄镇闵城路199弄3号1503室	021-64608276
建筑专业	墙体装饰装修材料	其它装饰装修材料	http://ck.buildnet.cn/Comparison/ProductList?code1=3&code2=15	广州市未来之窗新材料股份有限公司	http://ck.buildnet.cn/Main/Enterprise/529255?EID=529255	广东广州经济技术开发区东区骏达路118号	020-62663999
建筑专业	墙体装饰装修材料	其它装饰装修材料	http://ck.buildnet.cn/Comparison/ProductList?code1=3&code2=15	广州市未来之窗新材料股份有限公司	http://ck.buildnet.cn/Main/Enterprise/529255?EID=529255	广东广州经济技术开发区东区骏达路118号	020-62663999
建筑专业	墙体装饰装修材料	其它装饰装修材料	http://ck.buildnet.cn/Comparison/ProductList?code1=3&code2=15	广州翔韵建材有限公司	http://ck.buildnet.cn/Main/Enterprise/530379?EID=530379	广东广州白云区沙太路天健广场A栋T3127	020-87061740
建筑专业	墙体装饰装修材料	其它装饰装修材料	http://ck.buildnet.cn/Comparison/ProductList?code1=3&code2=15	广州翔韵建材有限公司	http://ck.buildnet.cn/Main/Enterprise/530379?EID=530379	广东广州白云区沙太路天健广场A栋T3127	020-87061740
建筑专业	墙体装饰装修材料	其它装饰装修材料	http://ck.buildnet.cn/Comparison/ProductList?code1=3&code2=15	振昌胶粘制品（深圳）有限公司	http://ck.buildnet.cn/Main/Enterprise/527657?EID=527657	广东深圳宝安区福永镇富桥第五工业区	0755-27333123
建筑专业	墙体装饰装修材料	其它装饰装修材料	http://ck.buildnet.cn/Comparison/ProductList?code1=3&code2=15	振昌胶粘制品（深圳）有限公司	http://ck.buildnet.cn/Main/Enterprise/527657?EID=527657	广东深圳宝安区福永镇富桥第五工业区	0755-27333123
建筑专业	墙体装饰装修材料	其它装饰装修材料	http://ck.buildnet.cn/Comparison/ProductList?code1=3&code2=15	洋溢五金制品有限公司	http://ck.buildnet.cn/Main/Enterprise/529429?EID=529429	广东江门蓬江区那磁坑开发区	0750-3666076
建筑专业	墙体装饰装修材料	其它装饰装修材料	http://ck.buildnet.cn/Comparison/ProductList?code1=3&code2=15	洋溢五金制品有限公司	http://ck.buildnet.cn/Main/Enterprise/529429?EID=529429	广东江门蓬江区那磁坑开发区	0750-3666076
建筑专业	墙体装饰装修材料	其它装饰装修材料	http://ck.buildnet.cn/Comparison/ProductList?code1=3&code2=15	海波兰德科贸有限公司	http://ck.buildnet.cn/Main/Enterprise/530487?EID=530487	北京海淀西三环北路50号院豪柏B1座802室	010-68462570
建筑专业	墙体装饰装修材料	其它装饰装修材料	http://ck.buildnet.cn/Comparison/ProductList?code1=3&code2=15	海波兰德科贸有限公司	http://ck.buildnet.cn/Main/Enterprise/530487?EID=530487	北京海淀西三环北路50号院豪柏B1座802室	010-68462570
建筑专业	墙体装饰装修材料	其它装饰装修材料	http://ck.buildnet.cn/Comparison/ProductList?code1=3&code2=15	诺拉建筑材料（上海）有限公司	http://ck.buildnet.cn/Main/Enterprise/501479?EID=501479	上海长宁延安西路1566号龙峰大厦10AB室	021-32260077
建筑专业	墙体装饰装修材料	其它装饰装修材料	http://ck.buildnet.cn/Comparison/ProductList?code1=3&code2=15	诺拉建筑材料（上海）有限公司	http://ck.buildnet.cn/Main/Enterprise/501479?EID=501479	上海长宁延安西路1566号龙峰大厦10AB室	021-32260077
建筑专业	墙体装饰装修材料	其它装饰装修材料	http://ck.buildnet.cn/Comparison/ProductList?code1=3&code2=15	雷帝（中国）建筑材料有限公司	http://ck.buildnet.cn/Main/Enterprise/29915?EID=29915	上海松江新浜工业园区浩海路309号	021-57893300
建筑专业	墙体装饰装修材料	其它装饰装修材料	http://ck.buildnet.cn/Comparison/ProductList?code1=3&code2=15	雷帝（中国）建筑材料有限公司	http://ck.buildnet.cn/Main/Enterprise/29915?EID=29915	上海松江新浜工业园区浩海路309号	021-57893300
建筑专业	墙体装饰装修材料	建筑小五金	http://ck.buildnet.cn/Comparison/ProductList?code1=3&code2=13	江苏德固不锈钢制品有限公司	http://ck.buildnet.cn/Main/Enterprise/515025?EID=515025	江苏泰州兴化市戴南镇科技园区	0523-83906999
建筑专业	墙体装饰装修材料	金属网及金属板网	http://ck.buildnet.cn/Comparison/ProductList?code1=3&code2=14	北京理盛千益科技开发有限公司	http://ck.buildnet.cn/Main/Enterprise/528947?EID=528947	北京海淀复兴路乙59号巨星大厦702室	010-68150299
建筑专业	墙体装饰装修材料	金属网及金属板网	http://ck.buildnet.cn/Comparison/ProductList?code1=3&code2=14	廊坊兴达新型保温材料有限公司	http://ck.buildnet.cn/Main/Enterprise/508212?EID=508212	河北廊坊大城县小广安兴达工业园	0316-5950179 
建筑专业	墙体装饰装修材料	金属网及金属板网	http://ck.buildnet.cn/Comparison/ProductList?code1=3&code2=14	河北安平县金田网业有限公司	http://ck.buildnet.cn/Main/Enterprise/508503?EID=508503	河北衡水安平丝网大世界工业园	0318-7060006
建筑专业	室外设施	公共服务设施	http://ck.buildnet.cn/Comparison/ProductList?code1=24&code2=4	上海百令交通器材有限公司	http://ck.buildnet.cn/Main/Enterprise/536428?EID=536428	上海中国久富工业区易富路533号	021-54858893
建筑专业	室外设施	公共服务设施	http://ck.buildnet.cn/Comparison/ProductList?code1=24&code2=4	上海迪安德实业有限公司杭州分公司	http://ck.buildnet.cn/Main/Enterprise/518102?EID=518102	浙江杭州滨江区汉江路1688号	0571-87850116
建筑专业	室外设施	公共服务设施	http://ck.buildnet.cn/Comparison/ProductList?code1=24&code2=4	九竹双雄（北京）机电设备有限公司	http://ck.buildnet.cn/Main/Enterprise/536363?EID=536363	北京房山长阳镇	010-68245339
建筑专业	室外设施	公共服务设施	http://ck.buildnet.cn/Comparison/ProductList?code1=24&code2=4	佛山仙璧建筑材料有限公司	http://ck.buildnet.cn/Main/Enterprise/532402?EID=532402	广东佛山顺德区	0757-28802508
建筑专业	室外设施	公共服务设施	http://ck.buildnet.cn/Comparison/ProductList?code1=24&code2=4	佛山仙璧建筑材料有限公司	http://ck.buildnet.cn/Main/Enterprise/532402?EID=532402	广东佛山顺德区	0757-28802508
建筑专业	室外设施	公共服务设施	http://ck.buildnet.cn/Comparison/ProductList?code1=24&code2=4	北京易德利游乐设备有限公司	http://ck.buildnet.cn/Main/Enterprise/507121?EID=507121	北京通州宋庄镇小堡佰富苑工业区	010-69597711
建筑专业	室外设施	公共服务设施	http://ck.buildnet.cn/Comparison/ProductList?code1=24&code2=4	北京易德利游乐设备有限公司	http://ck.buildnet.cn/Main/Enterprise/507121?EID=507121	北京通州宋庄镇小堡佰富苑工业区	010-69597711
建筑专业	室外设施	公共服务设施	http://ck.buildnet.cn/Comparison/ProductList?code1=24&code2=4	威海市福长玻璃钢有限公司	http://ck.buildnet.cn/Main/Enterprise/521235?EID=521235	山东威海高区远遥墩路85	0631-5819963
建筑专业	室外设施	公共服务设施	http://ck.buildnet.cn/Comparison/ProductList?code1=24&code2=4	广东鸿牌门业科技有限公司	http://ck.buildnet.cn/Main/Enterprise/534004?EID=534004	广东佛山南海区罗村街边工业大道茶亭工业区1-10号	0757-86190498
建筑专业	室外设施	公共服务设施	http://ck.buildnet.cn/Comparison/ProductList?code1=24&code2=4	德锐时代工程项目管理（北京）有限公司	http://ck.buildnet.cn/Main/Enterprise/534960?EID=534960	北京朝阳建国东路15号院甲1号北京传媒总部基地A座6层	010-85376691
建筑专业	室外设施	公共服务设施	http://ck.buildnet.cn/Comparison/ProductList?code1=24&code2=4	欧普照明股份有限公司	http://ck.buildnet.cn/Main/Enterprise/22857?EID=22857	上海浦东新区张衡路1999号华盛科技园3号楼	400 6783 222
建筑专业	室外设施	公共服务设施	http://ck.buildnet.cn/Comparison/ProductList?code1=24&code2=4	沈阳万洁清洁系统有限公司	http://ck.buildnet.cn/Main/Enterprise/536538?EID=536538	辽宁沈阳和平区太原南街18号万达新天地4号楼天地座26楼3-8号	024-31882489
建筑专业	室外设施	公共服务设施	http://ck.buildnet.cn/Comparison/ProductList?code1=24&code2=4	河南辉龙铝业有限公司	http://ck.buildnet.cn/Main/Enterprise/529495?EID=529495	河南郑州花园路59号邮政大厦20楼	0371-66689355
建筑专业	室外设施	公共服务设施	http://ck.buildnet.cn/Comparison/ProductList?code1=24&code2=4	深圳市冠奥通康体实业有限公司	http://ck.buildnet.cn/Main/Enterprise/526075?EID=526075	广东深圳福田区深南大道2001号嘉麟豪庭c座22层（2201邮箱）	0755-82878951 
建筑专业	室外设施	公共服务设施	http://ck.buildnet.cn/Comparison/ProductList?code1=24&code2=4	爱尔玛石材有限公司	http://ck.buildnet.cn/Main/Enterprise/534299?EID=534299	广东佛山禅城区南庄工业区8号	0757-85391995
建筑专业	室外设施	公共服务设施	http://ck.buildnet.cn/Comparison/ProductList?code1=24&code2=4	献县德净环卫设备有限公司	http://ck.buildnet.cn/Main/Enterprise/533974?EID=533974	河北沧州献县郭庄镇工业区	0317-4408158
建筑专业	室外设施	公共服务设施	http://ck.buildnet.cn/Comparison/ProductList?code1=24&code2=4	石家庄青源电器设备有限公司	http://ck.buildnet.cn/Main/Enterprise/536618?EID=536618	河北石家庄晋州市西台电力开发区	0311-80826530
建筑专业	室外设施	公共服务设施	http://ck.buildnet.cn/Comparison/ProductList?code1=24&code2=4	石家庄青源电器设备有限公司	http://ck.buildnet.cn/Main/Enterprise/536618?EID=536618	河北石家庄晋州市西台电力开发区	0311-80826530
建筑专业	室外设施	公共服务设施	http://ck.buildnet.cn/Comparison/ProductList?code1=24&code2=4	福州永鸿海环保设备有限公司	http://ck.buildnet.cn/Main/Enterprise/534317?EID=534317	福建福州台江区江滨路福瑞花园6号楼2层	0591-87884345
建筑专业	室外设施	公共服务设施	http://ck.buildnet.cn/Comparison/ProductList?code1=24&code2=4	纽卫贸易（上海）有限公司	http://ck.buildnet.cn/Main/Enterprise/533439?EID=533439	上海徐汇区虹桥路1438号古北财富中心10楼	021-22085000
建筑专业	室外设施	公共服务设施	http://ck.buildnet.cn/Comparison/ProductList?code1=24&code2=4	纽卫贸易（上海）有限公司	http://ck.buildnet.cn/Main/Enterprise/533439?EID=533439	上海徐汇区虹桥路1438号古北财富中心10楼	021-22085000
建筑专业	室外设施	公共服务设施	http://ck.buildnet.cn/Comparison/ProductList?code1=24&code2=4	绪宝门业（沈阳市绪宝兴盛电动门销售中心）	http://ck.buildnet.cn/Main/Enterprise/534001?EID=534001	辽宁沈阳铁西区南十西路57号	024-62324188
建筑专业	室外设施	围栏及大门	http://ck.buildnet.cn/Comparison/ProductList?code1=24&code2=3	上海安瑞达建筑围栏系统有限公司	http://ck.buildnet.cn/Main/Enterprise/497755?EID=497755	上海松江叶榭镇叶达路4-1号	021-37691537
建筑专业	室外设施	围栏及大门	http://ck.buildnet.cn/Comparison/ProductList?code1=24&code2=3	上海安瑞达建筑围栏系统有限公司	http://ck.buildnet.cn/Main/Enterprise/497755?EID=497755	上海松江叶榭镇叶达路4-1号	021-37691537
建筑专业	室外设施	围栏及大门	http://ck.buildnet.cn/Comparison/ProductList?code1=24&code2=3	上海朗屹金属装饰工程有限公司	http://ck.buildnet.cn/Main/Enterprise/537896?EID=537896	上海松江松江区申牛路188号	021-57655640
建筑专业	室外设施	围栏及大门	http://ck.buildnet.cn/Comparison/ProductList?code1=24&code2=3	上海朗屹金属装饰工程有限公司	http://ck.buildnet.cn/Main/Enterprise/537896?EID=537896	上海松江松江区申牛路188号	021-57655640
建筑专业	室外设施	围栏及大门	http://ck.buildnet.cn/Comparison/ProductList?code1=24&code2=3	上海格瑞特机电设备有限公司	http://ck.buildnet.cn/Main/Enterprise/533147?EID=533147	上海浦东新区东方路1359号海富花园2号楼5C	021-63030016
建筑专业	室外设施	围栏及大门	http://ck.buildnet.cn/Comparison/ProductList?code1=24&code2=3	上海格瑞特机电设备有限公司	http://ck.buildnet.cn/Main/Enterprise/533147?EID=533147	上海浦东新区东方路1359号海富花园2号楼5C	021-63030016
建筑专业	室外设施	围栏及大门	http://ck.buildnet.cn/Comparison/ProductList?code1=24&code2=3	上海盼安门业有限公司	http://ck.buildnet.cn/Main/Enterprise/511293?EID=511293	上海松江区南乐路288号	021-57748688
建筑专业	室外设施	围栏及大门	http://ck.buildnet.cn/Comparison/ProductList?code1=24&code2=3	上海盼安门业有限公司	http://ck.buildnet.cn/Main/Enterprise/511293?EID=511293	上海松江区南乐路288号	021-57748688
建筑专业	室外设施	围栏及大门	http://ck.buildnet.cn/Comparison/ProductList?code1=24&code2=3	厦门诚信宇智能系统有限公司	http://ck.buildnet.cn/Main/Enterprise/533986?EID=533986	福建厦门湖里区金山西里27号102室	0592-5778820
建筑专业	室外设施	围栏及大门	http://ck.buildnet.cn/Comparison/ProductList?code1=24&code2=3	安徽铭心金属制品有限公司	http://ck.buildnet.cn/Main/Enterprise/535865?EID=535865	安徽马鞍山经济开发区朱然南路49号	0555-6612608
建筑专业	室外设施	围栏及大门	http://ck.buildnet.cn/Comparison/ProductList?code1=24&code2=3	安徽铭心金属制品有限公司	http://ck.buildnet.cn/Main/Enterprise/535865?EID=535865	安徽马鞍山经济开发区朱然南路49号	0555-6612608
建筑专业	室外设施	围栏及大门	http://ck.buildnet.cn/Comparison/ProductList?code1=24&code2=3	广东佛山鑫恒源铁艺有限公司	http://ck.buildnet.cn/Main/Enterprise/529438?EID=529438	广东佛山澜石金澜路东龙江路段	0757-83102220
建筑专业	室外设施	围栏及大门	http://ck.buildnet.cn/Comparison/ProductList?code1=24&code2=3	广东鸿牌门业科技有限公司	http://ck.buildnet.cn/Main/Enterprise/534004?EID=534004	广东佛山南海区罗村街边工业大道茶亭工业区1-10号	0757-86190498
建筑专业	室外设施	围栏及大门	http://ck.buildnet.cn/Comparison/ProductList?code1=24&code2=3	河北省安平县博安护栏网厂	http://ck.buildnet.cn/Main/Enterprise/508504?EID=508504	河北衡水安平县和平街7号	0318-7024888
建筑专业	室外设施	围栏及大门	http://ck.buildnet.cn/Comparison/ProductList?code1=24&code2=3	淄博沐锐机电设备销售有限公司	http://ck.buildnet.cn/Main/Enterprise/534034?EID=534034	山东淄博张店区傅家镇华福大道西首	0533-6666162
建筑专业	室外设施	围栏及大门	http://ck.buildnet.cn/Comparison/ProductList?code1=24&code2=3	纽卫贸易（上海）有限公司	http://ck.buildnet.cn/Main/Enterprise/533439?EID=533439	上海徐汇区虹桥路1438号古北财富中心10楼	021-22085000
建筑专业	室外设施	围栏及大门	http://ck.buildnet.cn/Comparison/ProductList?code1=24&code2=3	纽卫贸易（上海）有限公司	http://ck.buildnet.cn/Main/Enterprise/533439?EID=533439	上海徐汇区虹桥路1438号古北财富中心10楼	021-22085000
建筑专业	室外设施	围栏及大门	http://ck.buildnet.cn/Comparison/ProductList?code1=24&code2=3	绪宝门业（沈阳市绪宝兴盛电动门销售中心）	http://ck.buildnet.cn/Main/Enterprise/534001?EID=534001	辽宁沈阳铁西区南十西路57号	024-62324188
建筑专业	室外设施	围栏及大门	http://ck.buildnet.cn/Comparison/ProductList?code1=24&code2=3	西安新大地塑业有限公司	http://ck.buildnet.cn/Main/Enterprise/528560?EID=528560	陕西西安高新技术开发区新型工业园创汇路30号	029-85690256
建筑专业	室外设施	绿化、景观	http://ck.buildnet.cn/Comparison/ProductList?code1=24&code2=2	上海得亿休闲娱乐设备有限公司	http://ck.buildnet.cn/Main/Enterprise/512171?EID=512171	上海闵行区申南路59号（泰弘研发园）2号楼206室	021-54176755
建筑专业	室外设施	绿化、景观	http://ck.buildnet.cn/Comparison/ProductList?code1=24&code2=2	上海麦威迪实业有限公司	http://ck.buildnet.cn/Main/Enterprise/530867?EID=530867	上海闵行区顾戴路3009号祥鹿大厦801室	021-34153957
建筑专业	室外设施	绿化、景观	http://ck.buildnet.cn/Comparison/ProductList?code1=24&code2=2	上海麦威迪实业有限公司	http://ck.buildnet.cn/Main/Enterprise/530867?EID=530867	上海闵行区顾戴路3009号祥鹿大厦801室	021-34153957
建筑专业	室外设施	绿化、景观	http://ck.buildnet.cn/Comparison/ProductList?code1=24&code2=2	佛山仙璧建筑材料有限公司	http://ck.buildnet.cn/Main/Enterprise/532402?EID=532402	广东佛山顺德区	0757-28802508
建筑专业	室外设施	绿化、景观	http://ck.buildnet.cn/Comparison/ProductList?code1=24&code2=2	佛山仙璧建筑材料有限公司	http://ck.buildnet.cn/Main/Enterprise/532402?EID=532402	广东佛山顺德区	0757-28802508
建筑专业	室外设施	绿化、景观	http://ck.buildnet.cn/Comparison/ProductList?code1=24&code2=2	北京顺利石材有限公司	http://ck.buildnet.cn/Main/Enterprise/536195?EID=536195	北京房山韩村河镇五侯村西	010-80382117
建筑专业	室外设施	绿化、景观	http://ck.buildnet.cn/Comparison/ProductList?code1=24&code2=2	北京顺利石材有限公司	http://ck.buildnet.cn/Main/Enterprise/536195?EID=536195	北京房山韩村河镇五侯村西	010-80382117
建筑专业	室外设施	绿化、景观	http://ck.buildnet.cn/Comparison/ProductList?code1=24&code2=2	威海市福长玻璃钢有限公司	http://ck.buildnet.cn/Main/Enterprise/521235?EID=521235	山东威海高区远遥墩路85	0631-5819963
建筑专业	室外设施	绿化、景观	http://ck.buildnet.cn/Comparison/ProductList?code1=24&code2=2	福州雕塑苑景观工程有限公司	http://ck.buildnet.cn/Main/Enterprise/533881?EID=533881	福建福州大学城师范大学东门（新洲村204号）	0591-22877688
建筑专业	室外设施	绿化、景观	http://ck.buildnet.cn/Comparison/ProductList?code1=24&code2=2	福建省一凯景观工程有限公司	http://ck.buildnet.cn/Main/Enterprise/536192?EID=536192	福建泉州惠安县洛阳镇万安路805号	0595-87488918
建筑专业	室外设施	绿化、景观	http://ck.buildnet.cn/Comparison/ProductList?code1=24&code2=2	福建腾飞园林古建筑有限公司	http://ck.buildnet.cn/Main/Enterprise/536193?EID=536193	福建泉州惠安县崇武龙西工业区	0595-87682220
建筑专业	室外设施	绿化、景观	http://ck.buildnet.cn/Comparison/ProductList?code1=24&code2=2	西安新大地塑业有限公司	http://ck.buildnet.cn/Main/Enterprise/528560?EID=528560	陕西西安高新技术开发区新型工业园创汇路30号	029-85690256
建筑专业	室外设施	绿化、景观	http://ck.buildnet.cn/Comparison/ProductList?code1=24&code2=2	西安新大地塑业有限公司	http://ck.buildnet.cn/Main/Enterprise/528560?EID=528560	陕西西安高新技术开发区新型工业园创汇路30号	029-85690256
建筑专业	家具家饰	办公家具	http://ck.buildnet.cn/Comparison/ProductList?code1=22&code2=4	上海质美办公家具有限公司	http://ck.buildnet.cn/Main/Enterprise/534428?EID=534428	上海浦东新区秀沿路1028号	021-68068937
建筑专业	家具家饰	办公家具	http://ck.buildnet.cn/Comparison/ProductList?code1=22&code2=4	世楷贸易（上海）有限公司	http://ck.buildnet.cn/Main/Enterprise/533464?EID=533464	上海卢湾区思南路35号北一楼	021-61376288
建筑专业	家具家饰	办公家具	http://ck.buildnet.cn/Comparison/ProductList?code1=22&code2=4	东莞美时家具有限公司	http://ck.buildnet.cn/Main/Enterprise/523600?EID=523600	上海长宁区西路1319号利星国际广场2-5楼	021-62788888
建筑专业	家具家饰	办公家具	http://ck.buildnet.cn/Comparison/ProductList?code1=22&code2=4	中山市聚美家具有限公司	http://ck.buildnet.cn/Main/Enterprise/535633?EID=535633	广东中山东升镇广福路同乐工业区	0760-88511665
建筑专业	家具家饰	办公家具	http://ck.buildnet.cn/Comparison/ProductList?code1=22&code2=4	中泰家具实业有限公司	http://ck.buildnet.cn/Main/Enterprise/526731?EID=526731	广东佛山顺德区325国道龙江路段	0757-23882138
建筑专业	家具家饰	办公家具	http://ck.buildnet.cn/Comparison/ProductList?code1=22&code2=4	佛山市虹桥家具有限公司	http://ck.buildnet.cn/Main/Enterprise/530796?EID=530796	广东佛山顺德区龙江镇东海工业区17号	0757-23379137
建筑专业	家具家饰	办公家具	http://ck.buildnet.cn/Comparison/ProductList?code1=22&code2=4	北京中泰鑫盛家具有限公司	http://ck.buildnet.cn/Main/Enterprise/534400?EID=534400	北京丰台方庄桥东鑫源国际中心	010-87649790
建筑专业	家具家饰	办公家具	http://ck.buildnet.cn/Comparison/ProductList?code1=22&code2=4	北京京洲办公家具有限公司	http://ck.buildnet.cn/Main/Enterprise/536215?EID=536215	北京大兴北藏生物开发区	010-86088717
建筑专业	家具家饰	办公家具	http://ck.buildnet.cn/Comparison/ProductList?code1=22&code2=4	北京华誉世纪家具有限公司	http://ck.buildnet.cn/Main/Enterprise/534573?EID=534573	北京朝阳高碑店南里16号楼	010-56221216
建筑专业	家具家饰	办公家具	http://ck.buildnet.cn/Comparison/ProductList?code1=22&code2=4	南通静海欣美办公家具有限公司	http://ck.buildnet.cn/Main/Enterprise/536378?EID=536378	江苏南通人民路玖珑城	0513-85321499
建筑专业	家具家饰	办公家具	http://ck.buildnet.cn/Comparison/ProductList?code1=22&code2=4	广东鸿业家具制造有限公司	http://ck.buildnet.cn/Main/Enterprise/534925?EID=534925	广东江门鹤山市鹤山工业城A区1号	400 816 1258
建筑专业	家具家饰	办公家具	http://ck.buildnet.cn/Comparison/ProductList?code1=22&code2=4	广州韦邦家具有限公司	http://ck.buildnet.cn/Main/Enterprise/534920?EID=534920	广东广州天河大观南路晨晖商务大厦A208室	020-22361398
建筑专业	家具家饰	办公家具	http://ck.buildnet.cn/Comparison/ProductList?code1=22&code2=4	深圳市美格家具有限公司	http://ck.buildnet.cn/Main/Enterprise/534501?EID=534501	广东深圳南山区大磡王京坑工业区87-3号（内设展厅）	0755-86546705
建筑专业	家具家饰	办公家具	http://ck.buildnet.cn/Comparison/ProductList?code1=22&code2=4	长沙弗瑞德办公家具有限公司	http://ck.buildnet.cn/Main/Enterprise/534488?EID=534488	湖南长沙天心区芙蓉南路一号（华菱蓝调国际801室）	0731-88658486
建筑专业	家具家饰	商用家具	http://ck.buildnet.cn/Comparison/ProductList?code1=22&code2=3	广州穗顺辉广告器材有限公司	http://ck.buildnet.cn/Main/Enterprise/525646?EID=525646	广东广州南岸路30号广州装饰材料市场C052铺	020-81823443
建筑专业	家具家饰	商用家具	http://ck.buildnet.cn/Comparison/ProductList?code1=22&code2=3	澳玛特家具（北京）有限公司	http://ck.buildnet.cn/Main/Enterprise/507078?EID=507078	北京海淀知春路6号锦秋国际大厦A座1313#	010-67174418
建筑专业	家具家饰	户外家具	http://ck.buildnet.cn/Comparison/ProductList?code1=22&code2=5	广州亚帝实业有限公司	http://ck.buildnet.cn/Main/Enterprise/534754?EID=534754	广东广州番禺南浦村南荔西路15号	400 092 8900
建筑专业	家具家饰	户外家具	http://ck.buildnet.cn/Comparison/ProductList?code1=22&code2=5	成都逸家休闲家具有限公司	http://ck.buildnet.cn/Main/Enterprise/530216?EID=530216	四川成都太平圆家俬广场C区B座101号	028-85033200
建筑专业	家具家饰	户外家具	http://ck.buildnet.cn/Comparison/ProductList?code1=22&code2=5	永康市创虹休闲用品有限公司	http://ck.buildnet.cn/Main/Enterprise/533624?EID=533624	浙江永康龙山镇（四路）长龙工业区	0579-87552919
建筑专业	家具家饰	户外家具	http://ck.buildnet.cn/Comparison/ProductList?code1=22&code2=5	肇庆宇龙珠五金制品有限公司	http://ck.buildnet.cn/Main/Enterprise/534471?EID=534471	广东肇庆四会市大旺沙沥工业区文德二街	0758-3605072
建筑专业	家具家饰	酒店家具	http://ck.buildnet.cn/Comparison/ProductList?code1=22&code2=2	上海艾芙迪实业有限公司	http://ck.buildnet.cn/Main/Enterprise/533586?EID=533586	上海闸北区恒丰路218号(现代交通商务大厦)2407室	021-51603456
建筑专业	家具家饰	酒店家具	http://ck.buildnet.cn/Comparison/ProductList?code1=22&code2=2	优姆橱柜（永康市优优工贸有限公司）	http://ck.buildnet.cn/Main/Enterprise/533856?EID=533856	浙江永康华丰东路19号	0579-87187099
建筑专业	家具家饰	酒店家具	http://ck.buildnet.cn/Comparison/ProductList?code1=22&code2=2	佛山市顺德区龙江镇旺岗富山家具厂	http://ck.buildnet.cn/Main/Enterprise/533590?EID=533590	广东佛山顺德区龙江镇龙峰大道25号	0757-23889268
建筑专业	家具家饰	酒店家具	http://ck.buildnet.cn/Comparison/ProductList?code1=22&code2=2	北京金美地酒店用品有限公司	http://ck.buildnet.cn/Main/Enterprise/530480?EID=530480	北京丰台丰管路南前泥洼乙4号-1	010-63867256
建筑专业	家具家饰	酒店家具	http://ck.buildnet.cn/Comparison/ProductList?code1=22&code2=2	澳玛特家具（北京）有限公司	http://ck.buildnet.cn/Main/Enterprise/507078?EID=507078	北京海淀知春路6号锦秋国际大厦A座1313#	010-67174418
建筑专业	建筑附属设备	停车设备及管理系统	http://ck.buildnet.cn/Comparison/ProductList?code1=25&code2=2	上海久银车库工程有限公司	http://ck.buildnet.cn/Main/Enterprise/533195?EID=533195	上海普陀区常德路1369号A座6楼	021-62274826
建筑专业	建筑附属设备	停车设备及管理系统	http://ck.buildnet.cn/Comparison/ProductList?code1=25&code2=2	上海泊鼎停车设备有限公司	http://ck.buildnet.cn/Main/Enterprise/536354?EID=536354	上海宝山区海欢路85号	021-66788790
建筑专业	建筑附属设备	停车设备及管理系统	http://ck.buildnet.cn/Comparison/ProductList?code1=25&code2=2	北京世纪宏峰科技发展有限公司	http://ck.buildnet.cn/Main/Enterprise/505211?EID=505211	北京大兴团河路四号地7条12号	010-61296914
建筑专业	建筑附属设备	停车设备及管理系统	http://ck.buildnet.cn/Comparison/ProductList?code1=25&code2=2	北京世纪宏峰科技发展有限公司	http://ck.buildnet.cn/Main/Enterprise/505211?EID=505211	北京大兴团河路四号地7条12号	010-61296914
建筑专业	建筑附属设备	停车设备及管理系统	http://ck.buildnet.cn/Comparison/ProductList?code1=25&code2=2	厦门市路桥信息工程有限公司	http://ck.buildnet.cn/Main/Enterprise/533563?EID=533563	福建厦门湖里区高崎厦门大桥管理楼	0592-3967966
建筑专业	建筑附属设备	停车设备及管理系统	http://ck.buildnet.cn/Comparison/ProductList?code1=25&code2=2	厦门市路桥信息工程有限公司	http://ck.buildnet.cn/Main/Enterprise/533563?EID=533563	福建厦门湖里区高崎厦门大桥管理楼	0592-3967966
建筑专业	建筑附属设备	停车设备及管理系统	http://ck.buildnet.cn/Comparison/ProductList?code1=25&code2=2	杭州福瑞科技有限公司	http://ck.buildnet.cn/Main/Enterprise/533202?EID=533202	浙江杭州塘苗路18号华星现代产业园B座5F	0571-85025060
建筑专业	建筑附属设备	停车设备及管理系统	http://ck.buildnet.cn/Comparison/ProductList?code1=25&code2=2	江苏江菱停车设备有限公司	http://ck.buildnet.cn/Main/Enterprise/516343?EID=516343	江苏苏州吴江区汾湖镇汾湖大道558号	0512-82877099
建筑专业	建筑附属设备	停车设备及管理系统	http://ck.buildnet.cn/Comparison/ProductList?code1=25&code2=2	江苏金冠立体停车系统工程有限公司	http://ck.buildnet.cn/Main/Enterprise/533197?EID=533197	江苏南通工农路245号成功大厦北6楼B座	0513-81552628
建筑专业	建筑附属设备	停车设备及管理系统	http://ck.buildnet.cn/Comparison/ProductList?code1=25&code2=2	洛阳凯德数控设备有限公司	http://ck.buildnet.cn/Main/Enterprise/522383?EID=522383	河南洛阳老城区工业园（国家牡丹园南300米）	0379-62273299
建筑专业	建筑附属设备	停车设备及管理系统	http://ck.buildnet.cn/Comparison/ProductList?code1=25&code2=2	洛阳凯德数控设备有限公司	http://ck.buildnet.cn/Main/Enterprise/522383?EID=522383	河南洛阳老城区工业园（国家牡丹园南300米）	0379-62273299
建筑专业	建筑附属设备	停车设备及管理系统	http://ck.buildnet.cn/Comparison/ProductList?code1=25&code2=2	浙江子华停车设备有限公司	http://ck.buildnet.cn/Main/Enterprise/530993?EID=530993	浙江绍兴柯桥区滨海工业区思源路782号	0575-81199900
建筑专业	建筑附属设备	停车设备及管理系统	http://ck.buildnet.cn/Comparison/ProductList?code1=25&code2=2	浙江子华停车设备有限公司	http://ck.buildnet.cn/Main/Enterprise/530993?EID=530993	浙江绍兴柯桥区滨海工业区思源路782号	0575-81199900
建筑专业	建筑附属设备	停车设备及管理系统	http://ck.buildnet.cn/Comparison/ProductList?code1=25&code2=2	湖北本格重工科技有限公司	http://ck.buildnet.cn/Main/Enterprise/522751?EID=522751	湖北武汉武昌区民主路728号洪广大厦A座23楼	027-87819502
建筑专业	建筑附属设备	停车设备及管理系统	http://ck.buildnet.cn/Comparison/ProductList?code1=25&code2=2	湖北本格重工科技有限公司	http://ck.buildnet.cn/Main/Enterprise/522751?EID=522751	湖北武汉武昌区民主路728号洪广大厦A座23楼	027-87819502
建筑专业	建筑附属设备	停车设备及管理系统	http://ck.buildnet.cn/Comparison/ProductList?code1=25&code2=2	重庆高发智能停车场管理有限公司	http://ck.buildnet.cn/Main/Enterprise/528315?EID=528315	重庆江北区渝北四村64号宏福俊悦大厦	023-68612222
建筑专业	建筑附属设备	电梯	http://ck.buildnet.cn/Comparison/ProductList?code1=25&code2=1	优耐德电梯有限公司	http://ck.buildnet.cn/Main/Enterprise/519924?EID=519924	浙江杭州滨江区滨安路1181号	0571-87688768
建筑专业	建筑附属设备	电梯	http://ck.buildnet.cn/Comparison/ProductList?code1=25&code2=1	优耐德电梯有限公司	http://ck.buildnet.cn/Main/Enterprise/519924?EID=519924	浙江杭州滨江区滨安路1181号	0571-87688768
建筑专业	建筑附属设备	电梯	http://ck.buildnet.cn/Comparison/ProductList?code1=25&code2=1	苏州富士精工电梯有限公司	http://ck.buildnet.cn/Main/Enterprise/534301?EID=534301	江苏苏州吴江桃园镇大德工业区	0512-63911785
建筑专业	建筑附属设备	电梯	http://ck.buildnet.cn/Comparison/ProductList?code1=25&code2=1	苏州富士精工电梯有限公司	http://ck.buildnet.cn/Main/Enterprise/534301?EID=534301	江苏苏州吴江桃园镇大德工业区	0512-63911785
建筑专业	建筑附属设备	自动人行道	http://ck.buildnet.cn/Comparison/ProductList?code1=25&code2=1	上海富士电梯有限公司	http://ck.buildnet.cn/Main/Enterprise/510918?EID=510918	上海奉贤区大叶公路7505－7515号	021-57559666
建筑专业	建筑附属设备	自动人行道	http://ck.buildnet.cn/Comparison/ProductList?code1=25&code2=1	优力维特（北京）电梯技术开发有限公司	http://ck.buildnet.cn/Main/Enterprise/503803?EID=503803	北京朝阳静安里28号楼旁小二楼	010-87313326
建筑专业	建筑附属设备	自动人行道	http://ck.buildnet.cn/Comparison/ProductList?code1=25&code2=1	优耐德电梯有限公司	http://ck.buildnet.cn/Main/Enterprise/519924?EID=519924	浙江杭州滨江区滨安路1181号	0571-87688768
建筑专业	建筑附属设备	自动人行道	http://ck.buildnet.cn/Comparison/ProductList?code1=25&code2=1	优耐德电梯有限公司	http://ck.buildnet.cn/Main/Enterprise/519924?EID=519924	浙江杭州滨江区滨安路1181号	0571-87688768
建筑专业	建筑附属设备	自动人行道	http://ck.buildnet.cn/Comparison/ProductList?code1=25&code2=1	伟达电梯（深圳）有限公司	http://ck.buildnet.cn/Main/Enterprise/514093?EID=514093	广东深圳罗湖区梨园路100号梅园综合楼二楼	0755-82181112
建筑专业	建筑附属设备	自动人行道	http://ck.buildnet.cn/Comparison/ProductList?code1=25&code2=1	佛山市吉达本田电梯起重机有限公司	http://ck.buildnet.cn/Main/Enterprise/532219?EID=532219	广东佛山南海国家生态工业示范园区内金石大道12号	0757-85409891
建筑专业	建筑附属设备	自动人行道	http://ck.buildnet.cn/Comparison/ProductList?code1=25&code2=1	吉林省莱茵森赫电梯有限公司	http://ck.buildnet.cn/Main/Enterprise/536399?EID=536399	吉林长春宽城区白菊路449号吉星V园4栋3单元506室	0431-89579175
建筑专业	建筑附属设备	自动人行道	http://ck.buildnet.cn/Comparison/ProductList?code1=25&code2=1	奉化市光亚计数器制造有限公司	http://ck.buildnet.cn/Main/Enterprise/533167?EID=533167	浙江奉化东郊开发区圆峰路79号	0574-88955918
建筑专业	建筑附属设备	自动人行道	http://ck.buildnet.cn/Comparison/ProductList?code1=25&code2=1	山东奔速电梯有限公司	http://ck.buildnet.cn/Main/Enterprise/536101?EID=536101	山东莱芜莱城工业区 汇河大道以北、莱城大道以西	0531-88879577
建筑专业	建筑附属设备	自动人行道	http://ck.buildnet.cn/Comparison/ProductList?code1=25&code2=1	惠州市远大电梯有限公司	http://ck.buildnet.cn/Main/Enterprise/536321?EID=536321	广东惠州惠阳区镇隆镇惠州远大电梯工业园	0752-3538111
建筑专业	建筑附属设备	自动人行道	http://ck.buildnet.cn/Comparison/ProductList?code1=25&code2=1	杭州华严机电设备有限公司	http://ck.buildnet.cn/Main/Enterprise/534629?EID=534629	浙江杭州上城区上仓桥路11-1号索菲亚大酒店6楼	0571-86096848 
建筑专业	建筑附属设备	自动人行道	http://ck.buildnet.cn/Comparison/ProductList?code1=25&code2=1	欧微（上海）电梯有限公司	http://ck.buildnet.cn/Main/Enterprise/536295?EID=536295	上海嘉定区华江路988号4幢	021-31001650
建筑专业	建筑附属设备	自动人行道	http://ck.buildnet.cn/Comparison/ProductList?code1=25&code2=1	江苏恩斯曼电梯有限公司	http://ck.buildnet.cn/Main/Enterprise/536109?EID=536109	江苏淮安金湖县塔集镇工业集中区长征路01号	0517-80901808
建筑专业	建筑附属设备	自动人行道	http://ck.buildnet.cn/Comparison/ProductList?code1=25&code2=1	江西维尔斯特电梯有限公司	http://ck.buildnet.cn/Main/Enterprise/534498?EID=534498	江西南昌湾里区罗亭工业园张坊路1号	0791-83789222
建筑专业	建筑附属设备	自动人行道	http://ck.buildnet.cn/Comparison/ProductList?code1=25&code2=1	沈阳博林特电梯股份有限公司	http://ck.buildnet.cn/Main/Enterprise/509655?EID=509655	辽宁沈阳经济技术开发区开发大道16号街27号	024-25162800
建筑专业	建筑附属设备	自动人行道	http://ck.buildnet.cn/Comparison/ProductList?code1=25&code2=1	河南巨力电梯有限公司	http://ck.buildnet.cn/Main/Enterprise/536400?EID=536400	河南洛阳九都路香榭里阳光7座1003、1105室	0379-63367588
建筑专业	建筑附属设备	自动人行道	http://ck.buildnet.cn/Comparison/ProductList?code1=25&code2=1	浙江凌志电梯有限公司	http://ck.buildnet.cn/Main/Enterprise/534519?EID=534519	浙江湖州南浔经济开发区古娄港	0572-3910809
建筑专业	建筑附属设备	自动人行道	http://ck.buildnet.cn/Comparison/ProductList?code1=25&code2=1	深圳天奥电梯有限公司	http://ck.buildnet.cn/Main/Enterprise/536285?EID=536285	广东深圳光明新区公明合水口第三工业区	0755-27295808
建筑专业	建筑附属设备	自动人行道	http://ck.buildnet.cn/Comparison/ProductList?code1=25&code2=1	深圳市港日电梯有限公司	http://ck.buildnet.cn/Main/Enterprise/536128?EID=536128	广东深圳宝安区松岗镇红星大朗工业区6号	0755-33880844
